<favourites>
    <favourite name="ABC News" thumb="http://portal.iptvprivateserver.tv/stalker_portal/misc/logos/320/1087.png">PlayMedia(&quot;plugin://plugin.video.stalker-rip/?tmp=0&amp;genre_name=%5B%27Information%27%5D&amp;title=ABC+News&amp;cmd=ffrt2+http%3A%2F%2Fabclive.abcnews.com%2Fi%2Fabc_live4%40136330%2Findex_1200_av-b.m3u8&amp;portal=%7B%22name%22%3A+%22NFPS%22%2C+%22parental%22%3A+%22false%22%2C+%22url%22%3A+%22http%3A%2F%2Fportal.iptvprivateserver.tv%22%2C+%22mac%22%3A+%2200%3A1A%3A79%3A11%3A11%3A11%22%2C+%22serial%22%3A+%7B%22custom%22%3A+false%7D%2C+%22password%22%3A+%220000%22%7D&amp;mode=play&amp;logo_url=http%3A%2F%2Fportal.iptvprivateserver.tv%2Fstalker_portal%2Fmisc%2Flogos%2F320%2F1087.png&quot;)</favourite>
    <favourite name="Africa News Network" thumb="http://portal.iptvprivateserver.tv/stalker_portal/misc/logos/320/1964.jpg">PlayMedia(&quot;plugin://plugin.video.stalker-rip/?tmp=0&amp;genre_name=%5B%27Information%27%5D&amp;title=Africa+News+Network&amp;cmd=rtmp%3A%2F%2F46.4.25.213%2Flive-ann7%2Fann7-hi.stream&amp;portal=%7B%22name%22%3A+%22NFPS%22%2C+%22parental%22%3A+%22false%22%2C+%22url%22%3A+%22http%3A%2F%2Fportal.iptvprivateserver.tv%22%2C+%22mac%22%3A+%2200%3A1A%3A79%3A11%3A11%3A11%22%2C+%22serial%22%3A+%7B%22custom%22%3A+false%7D%2C+%22password%22%3A+%220000%22%7D&amp;mode=play&amp;logo_url=http%3A%2F%2Fportal.iptvprivateserver.tv%2Fstalker_portal%2Fmisc%2Flogos%2F320%2F1964.jpg&quot;)</favourite>
    <favourite name="BBC News" thumb="http://portal.iptvprivateserver.tv/stalker_portal/misc/logos/320/251.png">PlayMedia(&quot;plugin://plugin.video.stalker-rip/?tmp=1&amp;genre_name=%5B%27Information%27%5D&amp;title=BBC+News&amp;cmd=ffrt2+http%3A%2F%2Flocalhost%2Fch%2F495&amp;portal=%7B%22name%22%3A+%22NFPS%22%2C+%22parental%22%3A+%22false%22%2C+%22url%22%3A+%22http%3A%2F%2Fportal.iptvprivateserver.tv%22%2C+%22mac%22%3A+%2200%3A1A%3A79%3A11%3A11%3A11%22%2C+%22serial%22%3A+%7B%22custom%22%3A+false%7D%2C+%22password%22%3A+%220000%22%7D&amp;mode=play&amp;logo_url=http%3A%2F%2Fportal.iptvprivateserver.tv%2Fstalker_portal%2Fmisc%2Flogos%2F320%2F251.png&quot;)</favourite>
    <favourite name="BBC World News" thumb="http://portal.iptvprivateserver.tv/stalker_portal/misc/logos/320/1760.png">PlayMedia(&quot;plugin://plugin.video.stalker-rip/?tmp=0&amp;genre_name=%5B%27Information%27%5D&amp;title=BBC+World+News&amp;cmd=http%3A%2F%2Fwpc.c1a9.edgecastcdn.net%2Fhls-live%2F20C1A9%2Fbbc_world%2Fls_satlink%2Fb_828.m3u8&amp;portal=%7B%22name%22%3A+%22NFPS%22%2C+%22parental%22%3A+%22false%22%2C+%22url%22%3A+%22http%3A%2F%2Fportal.iptvprivateserver.tv%22%2C+%22mac%22%3A+%2200%3A1A%3A79%3A11%3A11%3A11%22%2C+%22serial%22%3A+%7B%22custom%22%3A+false%7D%2C+%22password%22%3A+%220000%22%7D&amp;mode=play&amp;logo_url=http%3A%2F%2Fportal.iptvprivateserver.tv%2Fstalker_portal%2Fmisc%2Flogos%2F320%2F1760.png&quot;)</favourite>
    <favourite name="Bloomberg TV UK" thumb="http://portal.iptvprivateserver.tv/stalker_portal/misc/logos/320/1089.png">PlayMedia(&quot;plugin://plugin.video.stalker-rip/?tmp=0&amp;genre_name=%5B%27Information%27%5D&amp;title=Bloomberg+TV+UK&amp;cmd=ffrt2+http%3A%2F%2Fbtvuk-i.akamaihd.net%2Fhls%2Flive%2F203321%2Fbtvuk_ios%2FP1%2FM18K.m3u8&amp;portal=%7B%22name%22%3A+%22NFPS%22%2C+%22parental%22%3A+%22false%22%2C+%22url%22%3A+%22http%3A%2F%2Fportal.iptvprivateserver.tv%22%2C+%22mac%22%3A+%2200%3A1A%3A79%3A11%3A11%3A11%22%2C+%22serial%22%3A+%7B%22custom%22%3A+false%7D%2C+%22password%22%3A+%220000%22%7D&amp;mode=play&amp;logo_url=http%3A%2F%2Fportal.iptvprivateserver.tv%2Fstalker_portal%2Fmisc%2Flogos%2F320%2F1089.png&quot;)</favourite>
    <favourite name="Bloomberg TV US" thumb="http://portal.iptvprivateserver.tv/stalker_portal/misc/logos/320/971.png">PlayMedia(&quot;plugin://plugin.video.stalker-rip/?tmp=0&amp;genre_name=%5B%27Information%27%5D&amp;title=Bloomberg+TV+US&amp;cmd=ffrt2+http%3A%2F%2Fbtv-i.akamaihd.net%2Fhls%2Flive%2F202760%2Fbtvusa_ios%2FP1%2FM18K.m3u8&amp;portal=%7B%22name%22%3A+%22NFPS%22%2C+%22parental%22%3A+%22false%22%2C+%22url%22%3A+%22http%3A%2F%2Fportal.iptvprivateserver.tv%22%2C+%22mac%22%3A+%2200%3A1A%3A79%3A11%3A11%3A11%22%2C+%22serial%22%3A+%7B%22custom%22%3A+false%7D%2C+%22password%22%3A+%220000%22%7D&amp;mode=play&amp;logo_url=http%3A%2F%2Fportal.iptvprivateserver.tv%2Fstalker_portal%2Fmisc%2Flogos%2F320%2F971.png&quot;)</favourite>
    <favourite name="CCTV News" thumb="http://portal.iptvprivateserver.tv/stalker_portal/misc/logos/320/1615.png">PlayMedia(&quot;plugin://plugin.video.stalker-rip/?tmp=0&amp;genre_name=%5B%27Information%27%5D&amp;title=CCTV+News&amp;cmd=http%3A%2F%2Fwpc.c1a9.edgecastcdn.net%2Fhls-live%2F20C1A9%2Fcctv_news%2Fls_satlink%2Fb_828.m3u8&amp;portal=%7B%22name%22%3A+%22NFPS%22%2C+%22parental%22%3A+%22false%22%2C+%22url%22%3A+%22http%3A%2F%2Fportal.iptvprivateserver.tv%22%2C+%22mac%22%3A+%2200%3A1A%3A79%3A11%3A11%3A11%22%2C+%22serial%22%3A+%7B%22custom%22%3A+false%7D%2C+%22password%22%3A+%220000%22%7D&amp;mode=play&amp;logo_url=http%3A%2F%2Fportal.iptvprivateserver.tv%2Fstalker_portal%2Fmisc%2Flogos%2F320%2F1615.png&quot;)</favourite>
    <favourite name="CNBC US" thumb="http://portal.iptvprivateserver.tv/stalker_portal/misc/logos/320/1765.png">PlayMedia(&quot;plugin://plugin.video.stalker-rip/?tmp=1&amp;genre_name=%5B%27Information%27%5D&amp;title=CNBC+US&amp;cmd=ffrt2+http%3A%2F%2Flocalhost%2Fch%2F4755&amp;portal=%7B%22name%22%3A+%22NFPS%22%2C+%22parental%22%3A+%22false%22%2C+%22url%22%3A+%22http%3A%2F%2Fportal.iptvprivateserver.tv%22%2C+%22mac%22%3A+%2200%3A1A%3A79%3A11%3A11%3A11%22%2C+%22serial%22%3A+%7B%22custom%22%3A+false%7D%2C+%22password%22%3A+%220000%22%7D&amp;mode=play&amp;logo_url=http%3A%2F%2Fportal.iptvprivateserver.tv%2Fstalker_portal%2Fmisc%2Flogos%2F320%2F1765.png&quot;)</favourite>
    <favourite name="CNBC World" thumb="http://portal.iptvprivateserver.tv/stalker_portal/misc/logos/320/1790.png">PlayMedia(&quot;plugin://plugin.video.stalker-rip/?tmp=0&amp;genre_name=%5B%27Information%27%5D&amp;title=CNBC+World&amp;cmd=http%3A%2F%2Fwpc.c1a9.edgecastcdn.net%2Fhls-live%2F20C1A9%2Fcnbc_eu%2Fls_satlink%2Fb_828.m3u8&amp;portal=%7B%22name%22%3A+%22NFPS%22%2C+%22parental%22%3A+%22false%22%2C+%22url%22%3A+%22http%3A%2F%2Fportal.iptvprivateserver.tv%22%2C+%22mac%22%3A+%2200%3A1A%3A79%3A11%3A11%3A11%22%2C+%22serial%22%3A+%7B%22custom%22%3A+false%7D%2C+%22password%22%3A+%220000%22%7D&amp;mode=play&amp;logo_url=http%3A%2F%2Fportal.iptvprivateserver.tv%2Fstalker_portal%2Fmisc%2Flogos%2F320%2F1790.png&quot;)</favourite>
    <favourite name="CNN en Español" thumb="http://portal.iptvprivateserver.tv/stalker_portal/misc/logos/320/213.png">PlayMedia(&quot;plugin://plugin.video.stalker-rip/?tmp=1&amp;genre_name=%5B%27Information%27%5D&amp;title=CNN+en+Espa%C3%B1ol&amp;cmd=ffrt2+http%3A%2F%2Flocalhost%2Fch%2F1855&amp;portal=%7B%22name%22%3A+%22NFPS%22%2C+%22parental%22%3A+%22false%22%2C+%22url%22%3A+%22http%3A%2F%2Fportal.iptvprivateserver.tv%22%2C+%22mac%22%3A+%2200%3A1A%3A79%3A11%3A11%3A11%22%2C+%22serial%22%3A+%7B%22custom%22%3A+false%7D%2C+%22password%22%3A+%220000%22%7D&amp;mode=play&amp;logo_url=http%3A%2F%2Fportal.iptvprivateserver.tv%2Fstalker_portal%2Fmisc%2Flogos%2F320%2F213.png&quot;)</favourite>
    <favourite name="CNN International" thumb="http://portal.iptvprivateserver.tv/stalker_portal/misc/logos/320/1049.png">PlayMedia(&quot;plugin://plugin.video.stalker-rip/?tmp=0&amp;genre_name=%5B%27Information%27%5D&amp;title=CNN+International&amp;cmd=ffrt2+http%3A%2F%2Fwpc.c1a9.edgecastcdn.net%2Fhls-live%2F20C1A9%2Fcnn%2Fls_satlink%2Fb_828.m3u8&amp;portal=%7B%22name%22%3A+%22NFPS%22%2C+%22parental%22%3A+%22false%22%2C+%22url%22%3A+%22http%3A%2F%2Fportal.iptvprivateserver.tv%22%2C+%22mac%22%3A+%2200%3A1A%3A79%3A11%3A11%3A11%22%2C+%22serial%22%3A+%7B%22custom%22%3A+false%7D%2C+%22password%22%3A+%220000%22%7D&amp;mode=play&amp;logo_url=http%3A%2F%2Fportal.iptvprivateserver.tv%2Fstalker_portal%2Fmisc%2Flogos%2F320%2F1049.png&quot;)</favourite>
    <favourite name="CNN US" thumb="http://portal.iptvprivateserver.tv/stalker_portal/misc/logos/320/10.png">PlayMedia(&quot;plugin://plugin.video.stalker-rip/?tmp=1&amp;genre_name=%5B%27Information%27%5D&amp;title=CNN+US&amp;cmd=ffrt2+http%3A%2F%2Flocalhost%2Fch%2F3133&amp;portal=%7B%22name%22%3A+%22NFPS%22%2C+%22parental%22%3A+%22false%22%2C+%22url%22%3A+%22http%3A%2F%2Fportal.iptvprivateserver.tv%22%2C+%22mac%22%3A+%2200%3A1A%3A79%3A11%3A11%3A11%22%2C+%22serial%22%3A+%7B%22custom%22%3A+false%7D%2C+%22password%22%3A+%220000%22%7D&amp;mode=play&amp;logo_url=http%3A%2F%2Fportal.iptvprivateserver.tv%2Fstalker_portal%2Fmisc%2Flogos%2F320%2F10.png&quot;)</favourite>
    <favourite name="Euronews" thumb="http://portal.iptvprivateserver.tv/stalker_portal/misc/logos/320/1127.png">PlayMedia(&quot;plugin://plugin.video.stalker-rip/?tmp=0&amp;genre_name=%5B%27Information%27%5D&amp;title=Euronews&amp;cmd=http%3A%2F%2Fwpc.c1a9.edgecastcdn.net%2Fhls-live%2F20C1A9%2Feuronews_en%2Fls_satlink%2Fb_%2C264%2C528%2C828%2C.m3u8&amp;portal=%7B%22name%22%3A+%22NFPS%22%2C+%22parental%22%3A+%22false%22%2C+%22url%22%3A+%22http%3A%2F%2Fportal.iptvprivateserver.tv%22%2C+%22mac%22%3A+%2200%3A1A%3A79%3A11%3A11%3A11%22%2C+%22serial%22%3A+%7B%22custom%22%3A+false%7D%2C+%22password%22%3A+%220000%22%7D&amp;mode=play&amp;logo_url=http%3A%2F%2Fportal.iptvprivateserver.tv%2Fstalker_portal%2Fmisc%2Flogos%2F320%2F1127.png&quot;)</favourite>
    <favourite name="Fox News Channel" thumb="http://portal.iptvprivateserver.tv/stalker_portal/misc/logos/320/22.png">PlayMedia(&quot;plugin://plugin.video.stalker-rip/?tmp=1&amp;genre_name=%5B%27Information%27%5D&amp;title=Fox+News+Channel&amp;cmd=ffrt2+http%3A%2F%2Flocalhost%2Fch%2F208&amp;portal=%7B%22name%22%3A+%22NFPS%22%2C+%22parental%22%3A+%22false%22%2C+%22url%22%3A+%22http%3A%2F%2Fportal.iptvprivateserver.tv%22%2C+%22mac%22%3A+%2200%3A1A%3A79%3A11%3A11%3A11%22%2C+%22serial%22%3A+%7B%22custom%22%3A+false%7D%2C+%22password%22%3A+%220000%22%7D&amp;mode=play&amp;logo_url=http%3A%2F%2Fportal.iptvprivateserver.tv%2Fstalker_portal%2Fmisc%2Flogos%2F320%2F22.png&quot;)</favourite>
    <favourite name="MSNBC" thumb="http://portal.iptvprivateserver.tv/stalker_portal/misc/logos/320/1770.png">PlayMedia(&quot;plugin://plugin.video.stalker-rip/?tmp=1&amp;genre_name=%5B%27Information%27%5D&amp;title=MSNBC&amp;cmd=ffrt2+http%3A%2F%2Flocalhost%2Fch%2F4760&amp;portal=%7B%22name%22%3A+%22NFPS%22%2C+%22parental%22%3A+%22false%22%2C+%22url%22%3A+%22http%3A%2F%2Fportal.iptvprivateserver.tv%22%2C+%22mac%22%3A+%2200%3A1A%3A79%3A11%3A11%3A11%22%2C+%22serial%22%3A+%7B%22custom%22%3A+false%7D%2C+%22password%22%3A+%220000%22%7D&amp;mode=play&amp;logo_url=http%3A%2F%2Fportal.iptvprivateserver.tv%2Fstalker_portal%2Fmisc%2Flogos%2F320%2F1770.png&quot;)</favourite>
    <favourite name="News 12 Bronx" thumb="http://portal.iptvprivateserver.tv/stalker_portal/misc/logos/320/1037.png">PlayMedia(&quot;plugin://plugin.video.stalker-rip/?tmp=1&amp;genre_name=%5B%27Information%27%5D&amp;title=News+12+Bronx&amp;cmd=ffrt2+http%3A%2F%2Flocalhost%2Fch%2F4040&amp;portal=%7B%22name%22%3A+%22NFPS%22%2C+%22parental%22%3A+%22false%22%2C+%22url%22%3A+%22http%3A%2F%2Fportal.iptvprivateserver.tv%22%2C+%22mac%22%3A+%2200%3A1A%3A79%3A11%3A11%3A11%22%2C+%22serial%22%3A+%7B%22custom%22%3A+false%7D%2C+%22password%22%3A+%220000%22%7D&amp;mode=play&amp;logo_url=http%3A%2F%2Fportal.iptvprivateserver.tv%2Fstalker_portal%2Fmisc%2Flogos%2F320%2F1037.png&quot;)</favourite>
    <favourite name="News 12 Brooklyn" thumb="http://portal.iptvprivateserver.tv/stalker_portal/misc/logos/320/1039.png">PlayMedia(&quot;plugin://plugin.video.stalker-rip/?tmp=1&amp;genre_name=%5B%27Information%27%5D&amp;title=News+12+Brooklyn&amp;cmd=ffrt2+http%3A%2F%2Flocalhost%2Fch%2F4037&amp;portal=%7B%22name%22%3A+%22NFPS%22%2C+%22parental%22%3A+%22false%22%2C+%22url%22%3A+%22http%3A%2F%2Fportal.iptvprivateserver.tv%22%2C+%22mac%22%3A+%2200%3A1A%3A79%3A11%3A11%3A11%22%2C+%22serial%22%3A+%7B%22custom%22%3A+false%7D%2C+%22password%22%3A+%220000%22%7D&amp;mode=play&amp;logo_url=http%3A%2F%2Fportal.iptvprivateserver.tv%2Fstalker_portal%2Fmisc%2Flogos%2F320%2F1039.png&quot;)</favourite>
    <favourite name="News 12 Connecticut" thumb="http://portal.iptvprivateserver.tv/stalker_portal/misc/logos/320/1041.png">PlayMedia(&quot;plugin://plugin.video.stalker-rip/?tmp=1&amp;genre_name=%5B%27Information%27%5D&amp;title=News+12+Connecticut&amp;cmd=ffrt2+http%3A%2F%2Flocalhost%2Fch%2F4043&amp;portal=%7B%22name%22%3A+%22NFPS%22%2C+%22parental%22%3A+%22false%22%2C+%22url%22%3A+%22http%3A%2F%2Fportal.iptvprivateserver.tv%22%2C+%22mac%22%3A+%2200%3A1A%3A79%3A11%3A11%3A11%22%2C+%22serial%22%3A+%7B%22custom%22%3A+false%7D%2C+%22password%22%3A+%220000%22%7D&amp;mode=play&amp;logo_url=http%3A%2F%2Fportal.iptvprivateserver.tv%2Fstalker_portal%2Fmisc%2Flogos%2F320%2F1041.png&quot;)</favourite>
    <favourite name="News 12 Hudson Valley" thumb="http://portal.iptvprivateserver.tv/stalker_portal/misc/logos/320/1043.png">PlayMedia(&quot;plugin://plugin.video.stalker-rip/?tmp=1&amp;genre_name=%5B%27Information%27%5D&amp;title=News+12+Hudson+Valley&amp;cmd=ffrt2+http%3A%2F%2Flocalhost%2Fch%2F4046&amp;portal=%7B%22name%22%3A+%22NFPS%22%2C+%22parental%22%3A+%22false%22%2C+%22url%22%3A+%22http%3A%2F%2Fportal.iptvprivateserver.tv%22%2C+%22mac%22%3A+%2200%3A1A%3A79%3A11%3A11%3A11%22%2C+%22serial%22%3A+%7B%22custom%22%3A+false%7D%2C+%22password%22%3A+%220000%22%7D&amp;mode=play&amp;logo_url=http%3A%2F%2Fportal.iptvprivateserver.tv%2Fstalker_portal%2Fmisc%2Flogos%2F320%2F1043.png&quot;)</favourite>
    <favourite name="News 12 Long Island" thumb="http://portal.iptvprivateserver.tv/stalker_portal/misc/logos/320/1035.png">PlayMedia(&quot;plugin://plugin.video.stalker-rip/?tmp=1&amp;genre_name=%5B%27Information%27%5D&amp;title=News+12+Long+Island&amp;cmd=ffrt2+http%3A%2F%2Flocalhost%2Fch%2F4034&amp;portal=%7B%22name%22%3A+%22NFPS%22%2C+%22parental%22%3A+%22false%22%2C+%22url%22%3A+%22http%3A%2F%2Fportal.iptvprivateserver.tv%22%2C+%22mac%22%3A+%2200%3A1A%3A79%3A11%3A11%3A11%22%2C+%22serial%22%3A+%7B%22custom%22%3A+false%7D%2C+%22password%22%3A+%220000%22%7D&amp;mode=play&amp;logo_url=http%3A%2F%2Fportal.iptvprivateserver.tv%2Fstalker_portal%2Fmisc%2Flogos%2F320%2F1035.png&quot;)</favourite>
    <favourite name="News 12 New Jersey" thumb="http://portal.iptvprivateserver.tv/stalker_portal/misc/logos/320/1045.png">PlayMedia(&quot;plugin://plugin.video.stalker-rip/?tmp=1&amp;genre_name=%5B%27Information%27%5D&amp;title=News+12+New+Jersey&amp;cmd=ffrt2+http%3A%2F%2Flocalhost%2Fch%2F4049&amp;portal=%7B%22name%22%3A+%22NFPS%22%2C+%22parental%22%3A+%22false%22%2C+%22url%22%3A+%22http%3A%2F%2Fportal.iptvprivateserver.tv%22%2C+%22mac%22%3A+%2200%3A1A%3A79%3A11%3A11%3A11%22%2C+%22serial%22%3A+%7B%22custom%22%3A+false%7D%2C+%22password%22%3A+%220000%22%7D&amp;mode=play&amp;logo_url=http%3A%2F%2Fportal.iptvprivateserver.tv%2Fstalker_portal%2Fmisc%2Flogos%2F320%2F1045.png&quot;)</favourite>
    <favourite name="News 12 Westchester" thumb="http://portal.iptvprivateserver.tv/stalker_portal/misc/logos/320/1047.png">PlayMedia(&quot;plugin://plugin.video.stalker-rip/?tmp=1&amp;genre_name=%5B%27Information%27%5D&amp;title=News+12+Westchester&amp;cmd=ffrt2+http%3A%2F%2Flocalhost%2Fch%2F4052&amp;portal=%7B%22name%22%3A+%22NFPS%22%2C+%22parental%22%3A+%22false%22%2C+%22url%22%3A+%22http%3A%2F%2Fportal.iptvprivateserver.tv%22%2C+%22mac%22%3A+%2200%3A1A%3A79%3A11%3A11%3A11%22%2C+%22serial%22%3A+%7B%22custom%22%3A+false%7D%2C+%22password%22%3A+%220000%22%7D&amp;mode=play&amp;logo_url=http%3A%2F%2Fportal.iptvprivateserver.tv%2Fstalker_portal%2Fmisc%2Flogos%2F320%2F1047.png&quot;)</favourite>
    <favourite name="Press TV" thumb="http://portal.iptvprivateserver.tv/stalker_portal/misc/logos/320/1959.png">PlayMedia(&quot;plugin://plugin.video.stalker-rip/?tmp=0&amp;genre_name=%5B%27Information%27%5D&amp;title=Press+TV&amp;cmd=rtmp%3A%2F%2Fmtv.fms-01.visionip.tv%2Flive%2Fmtv-ptv-live-25f-16x9-SDh&amp;portal=%7B%22name%22%3A+%22NFPS%22%2C+%22parental%22%3A+%22false%22%2C+%22url%22%3A+%22http%3A%2F%2Fportal.iptvprivateserver.tv%22%2C+%22mac%22%3A+%2200%3A1A%3A79%3A11%3A11%3A11%22%2C+%22serial%22%3A+%7B%22custom%22%3A+false%7D%2C+%22password%22%3A+%220000%22%7D&amp;mode=play&amp;logo_url=http%3A%2F%2Fportal.iptvprivateserver.tv%2Fstalker_portal%2Fmisc%2Flogos%2F320%2F1959.png&quot;)</favourite>
    <favourite name="RT International" thumb="http://portal.iptvprivateserver.tv/stalker_portal/misc/logos/320/62.png">PlayMedia(&quot;plugin://plugin.video.stalker-rip/?tmp=0&amp;genre_name=%5B%27Information%27%5D&amp;title=RT+International&amp;cmd=http%3A%2F%2Frt-a.akamaihd.net%2Fch_01%40325605%2F480p.m3u8&amp;portal=%7B%22name%22%3A+%22NFPS%22%2C+%22parental%22%3A+%22false%22%2C+%22url%22%3A+%22http%3A%2F%2Fportal.iptvprivateserver.tv%22%2C+%22mac%22%3A+%2200%3A1A%3A79%3A11%3A11%3A11%22%2C+%22serial%22%3A+%7B%22custom%22%3A+false%7D%2C+%22password%22%3A+%220000%22%7D&amp;mode=play&amp;logo_url=http%3A%2F%2Fportal.iptvprivateserver.tv%2Fstalker_portal%2Fmisc%2Flogos%2F320%2F62.png&quot;)</favourite>
    <favourite name="SKY News" thumb="http://portal.iptvprivateserver.tv/stalker_portal/misc/logos/320/249.png">PlayMedia(&quot;plugin://plugin.video.stalker-rip/?tmp=1&amp;genre_name=%5B%27Information%27%5D&amp;title=SKY+News&amp;cmd=ffrt2+http%3A%2F%2Flocalhost%2Fch%2F493&amp;portal=%7B%22name%22%3A+%22NFPS%22%2C+%22parental%22%3A+%22false%22%2C+%22url%22%3A+%22http%3A%2F%2Fportal.iptvprivateserver.tv%22%2C+%22mac%22%3A+%2200%3A1A%3A79%3A11%3A11%3A11%22%2C+%22serial%22%3A+%7B%22custom%22%3A+false%7D%2C+%22password%22%3A+%220000%22%7D&amp;mode=play&amp;logo_url=http%3A%2F%2Fportal.iptvprivateserver.tv%2Fstalker_portal%2Fmisc%2Flogos%2F320%2F249.png&quot;)</favourite>
    <favourite name="The Weather Channel" thumb="http://portal.iptvprivateserver.tv/stalker_portal/misc/logos/320/12.png">PlayMedia(&quot;plugin://plugin.video.stalker-rip/?tmp=1&amp;genre_name=%5B%27Information%27%5D&amp;title=The+Weather+Channel&amp;cmd=ffrt2+http%3A%2F%2Flocalhost%2Fch%2F5289&amp;portal=%7B%22name%22%3A+%22NFPS%22%2C+%22parental%22%3A+%22false%22%2C+%22url%22%3A+%22http%3A%2F%2Fportal.iptvprivateserver.tv%22%2C+%22mac%22%3A+%2200%3A1A%3A79%3A11%3A11%3A11%22%2C+%22serial%22%3A+%7B%22custom%22%3A+false%7D%2C+%22password%22%3A+%220000%22%7D&amp;mode=play&amp;logo_url=http%3A%2F%2Fportal.iptvprivateserver.tv%2Fstalker_portal%2Fmisc%2Flogos%2F320%2F12.png&quot;)</favourite>
    <favourite name="The Weather Network" thumb="http://portal.iptvprivateserver.tv/stalker_portal/misc/logos/320/1894.png">PlayMedia(&quot;plugin://plugin.video.stalker-rip/?tmp=0&amp;genre_name=%5B%27Information%27%5D&amp;title=The+Weather+Network&amp;cmd=ffrt2+http%3A%2F%2Fbcoveliveios-i.akamaihd.net%2Fhls%2Flive%2F207737%2F1942203455001%2Fnat%2Fmaster_Layer5.m3u8&amp;portal=%7B%22name%22%3A+%22NFPS%22%2C+%22parental%22%3A+%22false%22%2C+%22url%22%3A+%22http%3A%2F%2Fportal.iptvprivateserver.tv%22%2C+%22mac%22%3A+%2200%3A1A%3A79%3A11%3A11%3A11%22%2C+%22serial%22%3A+%7B%22custom%22%3A+false%7D%2C+%22password%22%3A+%220000%22%7D&amp;mode=play&amp;logo_url=http%3A%2F%2Fportal.iptvprivateserver.tv%2Fstalker_portal%2Fmisc%2Flogos%2F320%2F1894.png&quot;)</favourite>
  
  
    <favourite name="C-SPAN [HD]">PlayMedia(&quot;plugin://plugin.video.dextertv/?url=http%3A%2F%2Fcspan1-lh.akamaihd.net%2Fi%2Fcspan1_1%40304727%2Fmaster.m3u8&amp;mode=12&quot;)</favourite>
    <favourite name="C-SPAN 2 [HD]">PlayMedia(&quot;plugin://plugin.video.dextertv/?url=http%3A%2F%2Fcspan2-lh.akamaihd.net%2Fi%2Fcspan2_1%40304728%2Fmaster.m3u8&amp;mode=12&quot;)</favourite>
    <favourite name="C-SPAN 3 [HD]">PlayMedia(&quot;plugin://plugin.video.dextertv/?url=http%3A%2F%2Fcspan3-lh.akamaihd.net%2Fi%2Fcspan3_1%40304729%2Fmaster.m3u8&amp;mode=12&quot;)</favourite>
    <favourite name="ABC News [HD]">PlayMedia(&quot;plugin://plugin.video.dextertv/?url=http%3A%2F%2Fabclive.abcnews.com%2Fi%2Fabc_live4%40136330%2Fmaster.m3u8%3F&amp;mode=12&quot;)</favourite>


</favourites>
