<favourites>
    <favourite name="A&amp;E East" thumb="http://portal.iptvprivateserver.tv/stalker_portal/misc/logos/320/583.png">PlayMedia(&quot;plugin://plugin.video.stalker-rip/?tmp=1&amp;genre_name=%5B%27All%27%5D&amp;title=A%26E+East&amp;cmd=ffrt2+http%3A%2F%2Flocalhost%2Fch%2F995&amp;portal=%7B%22name%22%3A+%22NFPS%22%2C+%22parental%22%3A+%22true%22%2C+%22url%22%3A+%22http%3A%2F%2Fportal.iptvprivateserver.tv%22%2C+%22mac%22%3A+%2200%3A1A%3A79%3A11%3A11%3A11%22%2C+%22serial%22%3A+%7B%22custom%22%3A+false%7D%2C+%22password%22%3A+%220000%22%7D&amp;mode=play&amp;logo_url=http%3A%2F%2Fportal.iptvprivateserver.tv%2Fstalker_portal%2Fmisc%2Flogos%2F320%2F583.png&quot;)</favourite>
    <favourite name="ABC Family" thumb="http://portal.iptvprivateserver.tv/stalker_portal/misc/logos/320/1835.png">PlayMedia(&quot;plugin://plugin.video.stalker-rip/?tmp=1&amp;genre_name=%5B%27All%27%5D&amp;title=ABC+Family&amp;cmd=ffrt2+http%3A%2F%2Flocalhost%2Fch%2F4855&amp;portal=%7B%22name%22%3A+%22NFPS%22%2C+%22parental%22%3A+%22true%22%2C+%22url%22%3A+%22http%3A%2F%2Fportal.iptvprivateserver.tv%22%2C+%22mac%22%3A+%2200%3A1A%3A79%3A11%3A11%3A11%22%2C+%22serial%22%3A+%7B%22custom%22%3A+false%7D%2C+%22password%22%3A+%220000%22%7D&amp;mode=play&amp;logo_url=http%3A%2F%2Fportal.iptvprivateserver.tv%2Fstalker_portal%2Fmisc%2Flogos%2F320%2F1835.png&quot;)</favourite>
    <favourite name="ABC Miami" thumb="http://portal.iptvprivateserver.tv/stalker_portal/misc/logos/320/2334.png">PlayMedia(&quot;plugin://plugin.video.stalker-rip/?tmp=1&amp;genre_name=%5B%27All%27%5D&amp;title=ABC+Miami&amp;cmd=ffrt2+http%3A%2F%2Flocalhost%2Fch%2F6114&amp;portal=%7B%22name%22%3A+%22NFPS%22%2C+%22parental%22%3A+%22true%22%2C+%22url%22%3A+%22http%3A%2F%2Fportal.iptvprivateserver.tv%22%2C+%22mac%22%3A+%2200%3A1A%3A79%3A11%3A11%3A11%22%2C+%22serial%22%3A+%7B%22custom%22%3A+false%7D%2C+%22password%22%3A+%220000%22%7D&amp;mode=play&amp;logo_url=http%3A%2F%2Fportal.iptvprivateserver.tv%2Fstalker_portal%2Fmisc%2Flogos%2F320%2F2334.png&quot;)</favourite>
    <favourite name="ABC News" thumb="http://portal.iptvprivateserver.tv/stalker_portal/misc/logos/320/1087.png">PlayMedia(&quot;plugin://plugin.video.stalker-rip/?tmp=0&amp;genre_name=%5B%27All%27%5D&amp;title=ABC+News&amp;cmd=ffrt2+http%3A%2F%2Fabclive.abcnews.com%2Fi%2Fabc_live4%40136330%2Findex_1200_av-b.m3u8&amp;portal=%7B%22name%22%3A+%22NFPS%22%2C+%22parental%22%3A+%22true%22%2C+%22url%22%3A+%22http%3A%2F%2Fportal.iptvprivateserver.tv%22%2C+%22mac%22%3A+%2200%3A1A%3A79%3A11%3A11%3A11%22%2C+%22serial%22%3A+%7B%22custom%22%3A+false%7D%2C+%22password%22%3A+%220000%22%7D&amp;mode=play&amp;logo_url=http%3A%2F%2Fportal.iptvprivateserver.tv%2Fstalker_portal%2Fmisc%2Flogos%2F320%2F1087.png&quot;)</favourite>
    <favourite name="AMC" thumb="http://portal.iptvprivateserver.tv/stalker_portal/misc/logos/320/229.png">PlayMedia(&quot;plugin://plugin.video.stalker-rip/?tmp=1&amp;genre_name=%5B%27All%27%5D&amp;title=AMC&amp;cmd=ffrt2+http%3A%2F%2Flocalhost%2Fch%2F485&amp;portal=%7B%22name%22%3A+%22NFPS%22%2C+%22parental%22%3A+%22true%22%2C+%22url%22%3A+%22http%3A%2F%2Fportal.iptvprivateserver.tv%22%2C+%22mac%22%3A+%2200%3A1A%3A79%3A11%3A11%3A11%22%2C+%22serial%22%3A+%7B%22custom%22%3A+false%7D%2C+%22password%22%3A+%220000%22%7D&amp;mode=play&amp;logo_url=http%3A%2F%2Fportal.iptvprivateserver.tv%2Fstalker_portal%2Fmisc%2Flogos%2F320%2F229.png&quot;)</favourite>
    <favourite name="AMC East" thumb="http://portal.iptvprivateserver.tv/stalker_portal/misc/logos/320/663.png">PlayMedia(&quot;plugin://plugin.video.stalker-rip/?tmp=1&amp;genre_name=%5B%27All%27%5D&amp;title=AMC+East&amp;cmd=ffrt2+http%3A%2F%2Flocalhost%2Fch%2F5629&amp;portal=%7B%22name%22%3A+%22NFPS%22%2C+%22parental%22%3A+%22true%22%2C+%22url%22%3A+%22http%3A%2F%2Fportal.iptvprivateserver.tv%22%2C+%22mac%22%3A+%2200%3A1A%3A79%3A11%3A11%3A11%22%2C+%22serial%22%3A+%7B%22custom%22%3A+false%7D%2C+%22password%22%3A+%220000%22%7D&amp;mode=play&amp;logo_url=http%3A%2F%2Fportal.iptvprivateserver.tv%2Fstalker_portal%2Fmisc%2Flogos%2F320%2F663.png&quot;)</favourite>
    <favourite name="Animal Planet" thumb="http://portal.iptvprivateserver.tv/stalker_portal/misc/logos/320/1825.png">PlayMedia(&quot;plugin://plugin.video.stalker-rip/?tmp=1&amp;genre_name=%5B%27All%27%5D&amp;title=Animal+Planet&amp;cmd=ffrt2+http%3A%2F%2Flocalhost%2Fch%2F4845&amp;portal=%7B%22name%22%3A+%22NFPS%22%2C+%22parental%22%3A+%22true%22%2C+%22url%22%3A+%22http%3A%2F%2Fportal.iptvprivateserver.tv%22%2C+%22mac%22%3A+%2200%3A1A%3A79%3A11%3A11%3A11%22%2C+%22serial%22%3A+%7B%22custom%22%3A+false%7D%2C+%22password%22%3A+%220000%22%7D&amp;mode=play&amp;logo_url=http%3A%2F%2Fportal.iptvprivateserver.tv%2Fstalker_portal%2Fmisc%2Flogos%2F320%2F1825.png&quot;)</favourite>
    <favourite name="American Heroes Channel" thumb="http://portal.iptvprivateserver.tv/stalker_portal/misc/logos/320/1865.png">PlayMedia(&quot;plugin://plugin.video.stalker-rip/?tmp=1&amp;genre_name=%5B%27All%27%5D&amp;title=American+Heroes+Channel&amp;cmd=ffrt2+http%3A%2F%2Flocalhost%2Fch%2F4910&amp;portal=%7B%22name%22%3A+%22NFPS%22%2C+%22parental%22%3A+%22true%22%2C+%22url%22%3A+%22http%3A%2F%2Fportal.iptvprivateserver.tv%22%2C+%22mac%22%3A+%2200%3A1A%3A79%3A11%3A11%3A11%22%2C+%22serial%22%3A+%7B%22custom%22%3A+false%7D%2C+%22password%22%3A+%220000%22%7D&amp;mode=play&amp;logo_url=http%3A%2F%2Fportal.iptvprivateserver.tv%2Fstalker_portal%2Fmisc%2Flogos%2F320%2F1865.png&quot;)</favourite>
    <favourite name="Animal Planet Latinoamerica" thumb="http://portal.iptvprivateserver.tv/stalker_portal/misc/logos/320/121.png">PlayMedia(&quot;plugin://plugin.video.stalker-rip/?tmp=1&amp;genre_name=%5B%27All%27%5D&amp;title=Animal+Planet+Latinoamerica&amp;cmd=ffrt2+http%3A%2F%2Flocalhost%2Fch%2F441&amp;portal=%7B%22name%22%3A+%22NFPS%22%2C+%22parental%22%3A+%22true%22%2C+%22url%22%3A+%22http%3A%2F%2Fportal.iptvprivateserver.tv%22%2C+%22mac%22%3A+%2200%3A1A%3A79%3A11%3A11%3A11%22%2C+%22serial%22%3A+%7B%22custom%22%3A+false%7D%2C+%22password%22%3A+%220000%22%7D&amp;mode=play&amp;logo_url=http%3A%2F%2Fportal.iptvprivateserver.tv%2Fstalker_portal%2Fmisc%2Flogos%2F320%2F121.png&quot;)</favourite>
    <favourite name="Baby First TV" thumb="http://portal.iptvprivateserver.tv/stalker_portal/misc/logos/320/1862.png">PlayMedia(&quot;plugin://plugin.video.stalker-rip/?tmp=1&amp;genre_name=%5B%27All%27%5D&amp;title=Baby+First+TV&amp;cmd=ffrt2+http%3A%2F%2Flocalhost%2Fch%2F4882&amp;portal=%7B%22name%22%3A+%22NFPS%22%2C+%22parental%22%3A+%22true%22%2C+%22url%22%3A+%22http%3A%2F%2Fportal.iptvprivateserver.tv%22%2C+%22mac%22%3A+%2200%3A1A%3A79%3A11%3A11%3A11%22%2C+%22serial%22%3A+%7B%22custom%22%3A+false%7D%2C+%22password%22%3A+%220000%22%7D&amp;mode=play&amp;logo_url=http%3A%2F%2Fportal.iptvprivateserver.tv%2Fstalker_portal%2Fmisc%2Flogos%2F320%2F1862.png&quot;)</favourite>
    <favourite name="Baby TV" thumb="http://portal.iptvprivateserver.tv/stalker_portal/misc/logos/320/1091.png">PlayMedia(&quot;plugin://plugin.video.stalker-rip/?tmp=0&amp;genre_name=%5B%27All%27%5D&amp;title=Baby+TV&amp;cmd=http%3A%2F%2Frostelec.noip.me%3A1234%2Fudp%2F233.7.70.188%3A5000&amp;portal=%7B%22name%22%3A+%22NFPS%22%2C+%22parental%22%3A+%22true%22%2C+%22url%22%3A+%22http%3A%2F%2Fportal.iptvprivateserver.tv%22%2C+%22mac%22%3A+%2200%3A1A%3A79%3A11%3A11%3A11%22%2C+%22serial%22%3A+%7B%22custom%22%3A+false%7D%2C+%22password%22%3A+%220000%22%7D&amp;mode=play&amp;logo_url=http%3A%2F%2Fportal.iptvprivateserver.tv%2Fstalker_portal%2Fmisc%2Flogos%2F320%2F1091.png&quot;)</favourite>
    <favourite name="BBC America" thumb="http://portal.iptvprivateserver.tv/stalker_portal/misc/logos/320/39.png">PlayMedia(&quot;plugin://plugin.video.stalker-rip/?tmp=1&amp;genre_name=%5B%27All%27%5D&amp;title=BBC+America&amp;cmd=ffrt2+http%3A%2F%2Flocalhost%2Fch%2F184&amp;portal=%7B%22name%22%3A+%22NFPS%22%2C+%22parental%22%3A+%22true%22%2C+%22url%22%3A+%22http%3A%2F%2Fportal.iptvprivateserver.tv%22%2C+%22mac%22%3A+%2200%3A1A%3A79%3A11%3A11%3A11%22%2C+%22serial%22%3A+%7B%22custom%22%3A+false%7D%2C+%22password%22%3A+%220000%22%7D&amp;mode=play&amp;logo_url=http%3A%2F%2Fportal.iptvprivateserver.tv%2Fstalker_portal%2Fmisc%2Flogos%2F320%2F39.png&quot;)</favourite>
    <favourite name="BBC Entertainment Latinoamerica" thumb="http://portal.iptvprivateserver.tv/stalker_portal/misc/logos/320/805.png">PlayMedia(&quot;plugin://plugin.video.stalker-rip/?tmp=1&amp;genre_name=%5B%27All%27%5D&amp;title=BBC+Entertainment+Latinoamerica&amp;cmd=ffrt2+http%3A%2F%2Flocalhost%2Fch%2F1407&amp;portal=%7B%22name%22%3A+%22NFPS%22%2C+%22parental%22%3A+%22true%22%2C+%22url%22%3A+%22http%3A%2F%2Fportal.iptvprivateserver.tv%22%2C+%22mac%22%3A+%2200%3A1A%3A79%3A11%3A11%3A11%22%2C+%22serial%22%3A+%7B%22custom%22%3A+false%7D%2C+%22password%22%3A+%220000%22%7D&amp;mode=play&amp;logo_url=http%3A%2F%2Fportal.iptvprivateserver.tv%2Fstalker_portal%2Fmisc%2Flogos%2F320%2F805.png&quot;)</favourite>
    <favourite name="BBC Four" thumb="http://portal.iptvprivateserver.tv/stalker_portal/misc/logos/320/1435.png">PlayMedia(&quot;plugin://plugin.video.stalker-rip/?tmp=1&amp;genre_name=%5B%27All%27%5D&amp;title=BBC+Four&amp;cmd=ffrt2+http%3A%2F%2Flocalhost%2Fch%2F2871&amp;portal=%7B%22name%22%3A+%22NFPS%22%2C+%22parental%22%3A+%22true%22%2C+%22url%22%3A+%22http%3A%2F%2Fportal.iptvprivateserver.tv%22%2C+%22mac%22%3A+%2200%3A1A%3A79%3A11%3A11%3A11%22%2C+%22serial%22%3A+%7B%22custom%22%3A+false%7D%2C+%22password%22%3A+%220000%22%7D&amp;mode=play&amp;logo_url=http%3A%2F%2Fportal.iptvprivateserver.tv%2Fstalker_portal%2Fmisc%2Flogos%2F320%2F1435.png&quot;)</favourite>
    <favourite name="BBC ONE" thumb="http://portal.iptvprivateserver.tv/stalker_portal/misc/logos/320/801.png">PlayMedia(&quot;plugin://plugin.video.stalker-rip/?tmp=1&amp;genre_name=%5B%27All%27%5D&amp;title=BBC+ONE&amp;cmd=ffrt2+http%3A%2F%2Flocalhost%2Fch%2F2443&amp;portal=%7B%22name%22%3A+%22NFPS%22%2C+%22parental%22%3A+%22true%22%2C+%22url%22%3A+%22http%3A%2F%2Fportal.iptvprivateserver.tv%22%2C+%22mac%22%3A+%2200%3A1A%3A79%3A11%3A11%3A11%22%2C+%22serial%22%3A+%7B%22custom%22%3A+false%7D%2C+%22password%22%3A+%220000%22%7D&amp;mode=play&amp;logo_url=http%3A%2F%2Fportal.iptvprivateserver.tv%2Fstalker_portal%2Fmisc%2Flogos%2F320%2F801.png&quot;)</favourite>
    <favourite name="BBC Three" thumb="http://portal.iptvprivateserver.tv/stalker_portal/misc/logos/320/1433.png">PlayMedia(&quot;plugin://plugin.video.stalker-rip/?tmp=1&amp;genre_name=%5B%27All%27%5D&amp;title=BBC+Three&amp;cmd=ffrt2+http%3A%2F%2Flocalhost%2Fch%2F2869&amp;portal=%7B%22name%22%3A+%22NFPS%22%2C+%22parental%22%3A+%22true%22%2C+%22url%22%3A+%22http%3A%2F%2Fportal.iptvprivateserver.tv%22%2C+%22mac%22%3A+%2200%3A1A%3A79%3A11%3A11%3A11%22%2C+%22serial%22%3A+%7B%22custom%22%3A+false%7D%2C+%22password%22%3A+%220000%22%7D&amp;mode=play&amp;logo_url=http%3A%2F%2Fportal.iptvprivateserver.tv%2Fstalker_portal%2Fmisc%2Flogos%2F320%2F1433.png&quot;)</favourite>
    <favourite name="BBC TWO" thumb="http://portal.iptvprivateserver.tv/stalker_portal/misc/logos/320/1263.png">PlayMedia(&quot;plugin://plugin.video.stalker-rip/?tmp=1&amp;genre_name=%5B%27All%27%5D&amp;title=BBC+TWO&amp;cmd=ffrt2+http%3A%2F%2Flocalhost%2Fch%2F2445&amp;portal=%7B%22name%22%3A+%22NFPS%22%2C+%22parental%22%3A+%22true%22%2C+%22url%22%3A+%22http%3A%2F%2Fportal.iptvprivateserver.tv%22%2C+%22mac%22%3A+%2200%3A1A%3A79%3A11%3A11%3A11%22%2C+%22serial%22%3A+%7B%22custom%22%3A+false%7D%2C+%22password%22%3A+%220000%22%7D&amp;mode=play&amp;logo_url=http%3A%2F%2Fportal.iptvprivateserver.tv%2Fstalker_portal%2Fmisc%2Flogos%2F320%2F1263.png&quot;)</favourite>
    <favourite name="Cartoon Network" thumb="http://portal.iptvprivateserver.tv/stalker_portal/misc/logos/320/2509.png">PlayMedia(&quot;plugin://plugin.video.stalker-rip/?tmp=1&amp;genre_name=%5B%27All%27%5D&amp;title=Cartoon+Network&amp;cmd=ffrt2+http%3A%2F%2Flocalhost%2Fch%2F6397&amp;portal=%7B%22name%22%3A+%22NFPS%22%2C+%22parental%22%3A+%22true%22%2C+%22url%22%3A+%22http%3A%2F%2Fportal.iptvprivateserver.tv%22%2C+%22mac%22%3A+%2200%3A1A%3A79%3A11%3A11%3A11%22%2C+%22serial%22%3A+%7B%22custom%22%3A+false%7D%2C+%22password%22%3A+%220000%22%7D&amp;mode=play&amp;logo_url=http%3A%2F%2Fportal.iptvprivateserver.tv%2Fstalker_portal%2Fmisc%2Flogos%2F320%2F2509.png&quot;)</favourite>
    <favourite name="CBS Action" thumb="http://portal.iptvprivateserver.tv/stalker_portal/misc/logos/320/1259.png">PlayMedia(&quot;plugin://plugin.video.stalker-rip/?tmp=1&amp;genre_name=%5B%27All%27%5D&amp;title=CBS+Action&amp;cmd=ffrt2+http%3A%2F%2Flocalhost%2Fch%2F2433&amp;portal=%7B%22name%22%3A+%22NFPS%22%2C+%22parental%22%3A+%22true%22%2C+%22url%22%3A+%22http%3A%2F%2Fportal.iptvprivateserver.tv%22%2C+%22mac%22%3A+%2200%3A1A%3A79%3A11%3A11%3A11%22%2C+%22serial%22%3A+%7B%22custom%22%3A+false%7D%2C+%22password%22%3A+%220000%22%7D&amp;mode=play&amp;logo_url=http%3A%2F%2Fportal.iptvprivateserver.tv%2Fstalker_portal%2Fmisc%2Flogos%2F320%2F1259.png&quot;)</favourite>
    <favourite name="CBS Drama" thumb="http://portal.iptvprivateserver.tv/stalker_portal/misc/logos/320/1257.png">PlayMedia(&quot;plugin://plugin.video.stalker-rip/?tmp=1&amp;genre_name=%5B%27All%27%5D&amp;title=CBS+Drama&amp;cmd=ffrt2+http%3A%2F%2Flocalhost%2Fch%2F2431&amp;portal=%7B%22name%22%3A+%22NFPS%22%2C+%22parental%22%3A+%22true%22%2C+%22url%22%3A+%22http%3A%2F%2Fportal.iptvprivateserver.tv%22%2C+%22mac%22%3A+%2200%3A1A%3A79%3A11%3A11%3A11%22%2C+%22serial%22%3A+%7B%22custom%22%3A+false%7D%2C+%22password%22%3A+%220000%22%7D&amp;mode=play&amp;logo_url=http%3A%2F%2Fportal.iptvprivateserver.tv%2Fstalker_portal%2Fmisc%2Flogos%2F320%2F1257.png&quot;)</favourite>
    <favourite name="CBS New York" thumb="http://portal.iptvprivateserver.tv/stalker_portal/misc/logos/320/92.png">PlayMedia(&quot;plugin://plugin.video.stalker-rip/?tmp=1&amp;genre_name=%5B%27All%27%5D&amp;title=CBS+New+York&amp;cmd=ffrt2+http%3A%2F%2Flocalhost%2Fch%2F4865&amp;portal=%7B%22name%22%3A+%22NFPS%22%2C+%22parental%22%3A+%22true%22%2C+%22url%22%3A+%22http%3A%2F%2Fportal.iptvprivateserver.tv%22%2C+%22mac%22%3A+%2200%3A1A%3A79%3A11%3A11%3A11%22%2C+%22serial%22%3A+%7B%22custom%22%3A+false%7D%2C+%22password%22%3A+%220000%22%7D&amp;mode=play&amp;logo_url=http%3A%2F%2Fportal.iptvprivateserver.tv%2Fstalker_portal%2Fmisc%2Flogos%2F320%2F92.png&quot;)</favourite>
    <favourite name="CBS Reality" thumb="http://portal.iptvprivateserver.tv/stalker_portal/misc/logos/320/1261.png">PlayMedia(&quot;plugin://plugin.video.stalker-rip/?tmp=1&amp;genre_name=%5B%27All%27%5D&amp;title=CBS+Reality&amp;cmd=ffrt2+http%3A%2F%2Flocalhost%2Fch%2F2435&amp;portal=%7B%22name%22%3A+%22NFPS%22%2C+%22parental%22%3A+%22true%22%2C+%22url%22%3A+%22http%3A%2F%2Fportal.iptvprivateserver.tv%22%2C+%22mac%22%3A+%2200%3A1A%3A79%3A11%3A11%3A11%22%2C+%22serial%22%3A+%7B%22custom%22%3A+false%7D%2C+%22password%22%3A+%220000%22%7D&amp;mode=play&amp;logo_url=http%3A%2F%2Fportal.iptvprivateserver.tv%2Fstalker_portal%2Fmisc%2Flogos%2F320%2F1261.png&quot;)</favourite>
    <favourite name="Challenge" thumb="http://portal.iptvprivateserver.tv/stalker_portal/misc/logos/320/1425.png">PlayMedia(&quot;plugin://plugin.video.stalker-rip/?tmp=1&amp;genre_name=%5B%27All%27%5D&amp;title=Challenge&amp;cmd=ffrt2+http%3A%2F%2Flocalhost%2Fch%2F4247&amp;portal=%7B%22name%22%3A+%22NFPS%22%2C+%22parental%22%3A+%22true%22%2C+%22url%22%3A+%22http%3A%2F%2Fportal.iptvprivateserver.tv%22%2C+%22mac%22%3A+%2200%3A1A%3A79%3A11%3A11%3A11%22%2C+%22serial%22%3A+%7B%22custom%22%3A+false%7D%2C+%22password%22%3A+%220000%22%7D&amp;mode=play&amp;logo_url=http%3A%2F%2Fportal.iptvprivateserver.tv%2Fstalker_portal%2Fmisc%2Flogos%2F320%2F1425.png&quot;)</favourite>
    <favourite name="Comedy Central East" thumb="http://portal.iptvprivateserver.tv/stalker_portal/misc/logos/320/34.png">PlayMedia(&quot;plugin://plugin.video.stalker-rip/?tmp=1&amp;genre_name=%5B%27All%27%5D&amp;title=Comedy+Central+East&amp;cmd=ffrt2+http%3A%2F%2Flocalhost%2Fch%2F2575&amp;portal=%7B%22name%22%3A+%22NFPS%22%2C+%22parental%22%3A+%22true%22%2C+%22url%22%3A+%22http%3A%2F%2Fportal.iptvprivateserver.tv%22%2C+%22mac%22%3A+%2200%3A1A%3A79%3A11%3A11%3A11%22%2C+%22serial%22%3A+%7B%22custom%22%3A+false%7D%2C+%22password%22%3A+%220000%22%7D&amp;mode=play&amp;logo_url=http%3A%2F%2Fportal.iptvprivateserver.tv%2Fstalker_portal%2Fmisc%2Flogos%2F320%2F34.png&quot;)</favourite>
    <favourite name="Concert Channel" thumb="http://portal.iptvprivateserver.tv/stalker_portal/misc/logos/320/223.png">PlayMedia(&quot;plugin://plugin.video.stalker-rip/?tmp=1&amp;genre_name=%5B%27All%27%5D&amp;title=Concert+Channel&amp;cmd=ffrt2+http%3A%2F%2Flocalhost%2Fch%2F479&amp;portal=%7B%22name%22%3A+%22NFPS%22%2C+%22parental%22%3A+%22true%22%2C+%22url%22%3A+%22http%3A%2F%2Fportal.iptvprivateserver.tv%22%2C+%22mac%22%3A+%2200%3A1A%3A79%3A11%3A11%3A11%22%2C+%22serial%22%3A+%7B%22custom%22%3A+false%7D%2C+%22password%22%3A+%220000%22%7D&amp;mode=play&amp;logo_url=http%3A%2F%2Fportal.iptvprivateserver.tv%2Fstalker_portal%2Fmisc%2Flogos%2F320%2F223.png&quot;)</favourite>
    <favourite name="Crime + Investigation Network USA" thumb="http://portal.iptvprivateserver.tv/stalker_portal/misc/logos/320/467.png">PlayMedia(&quot;plugin://plugin.video.stalker-rip/?tmp=1&amp;genre_name=%5B%27All%27%5D&amp;title=Crime+%2B+Investigation+Network+USA&amp;cmd=ffrt2+http%3A%2F%2Flocalhost%2Fch%2F2343&amp;portal=%7B%22name%22%3A+%22NFPS%22%2C+%22parental%22%3A+%22true%22%2C+%22url%22%3A+%22http%3A%2F%2Fportal.iptvprivateserver.tv%22%2C+%22mac%22%3A+%2200%3A1A%3A79%3A11%3A11%3A11%22%2C+%22serial%22%3A+%7B%22custom%22%3A+false%7D%2C+%22password%22%3A+%220000%22%7D&amp;mode=play&amp;logo_url=http%3A%2F%2Fportal.iptvprivateserver.tv%2Fstalker_portal%2Fmisc%2Flogos%2F320%2F467.png&quot;)</favourite>
    <favourite name="Discovery Channel USA" thumb="http://portal.iptvprivateserver.tv/stalker_portal/misc/logos/320/4.png">PlayMedia(&quot;plugin://plugin.video.stalker-rip/?tmp=1&amp;genre_name=%5B%27All%27%5D&amp;title=Discovery+Channel+USA&amp;cmd=ffrt2+http%3A%2F%2Flocalhost%2Fch%2F198&amp;portal=%7B%22name%22%3A+%22NFPS%22%2C+%22parental%22%3A+%22true%22%2C+%22url%22%3A+%22http%3A%2F%2Fportal.iptvprivateserver.tv%22%2C+%22mac%22%3A+%2200%3A1A%3A79%3A11%3A11%3A11%22%2C+%22serial%22%3A+%7B%22custom%22%3A+false%7D%2C+%22password%22%3A+%220000%22%7D&amp;mode=play&amp;logo_url=http%3A%2F%2Fportal.iptvprivateserver.tv%2Fstalker_portal%2Fmisc%2Flogos%2F320%2F4.png&quot;)</favourite>
    <favourite name="Discovery en Español" thumb="http://portal.iptvprivateserver.tv/stalker_portal/misc/logos/320/1333.png">PlayMedia(&quot;plugin://plugin.video.stalker-rip/?tmp=1&amp;genre_name=%5B%27All%27%5D&amp;title=Discovery+en+Espa%C3%B1ol&amp;cmd=ffrt2+http%3A%2F%2Flocalhost%2Fch%2F3531&amp;portal=%7B%22name%22%3A+%22NFPS%22%2C+%22parental%22%3A+%22true%22%2C+%22url%22%3A+%22http%3A%2F%2Fportal.iptvprivateserver.tv%22%2C+%22mac%22%3A+%2200%3A1A%3A79%3A11%3A11%3A11%22%2C+%22serial%22%3A+%7B%22custom%22%3A+false%7D%2C+%22password%22%3A+%220000%22%7D&amp;mode=play&amp;logo_url=http%3A%2F%2Fportal.iptvprivateserver.tv%2Fstalker_portal%2Fmisc%2Flogos%2F320%2F1333.png&quot;)</favourite>
    <favourite name="Discovery Family" thumb="http://portal.iptvprivateserver.tv/stalker_portal/misc/logos/320/1847.png">PlayMedia(&quot;plugin://plugin.video.stalker-rip/?tmp=1&amp;genre_name=%5B%27All%27%5D&amp;title=Discovery+Family&amp;cmd=ffrt2+http%3A%2F%2Flocalhost%2Fch%2F4867&amp;portal=%7B%22name%22%3A+%22NFPS%22%2C+%22parental%22%3A+%22true%22%2C+%22url%22%3A+%22http%3A%2F%2Fportal.iptvprivateserver.tv%22%2C+%22mac%22%3A+%2200%3A1A%3A79%3A11%3A11%3A11%22%2C+%22serial%22%3A+%7B%22custom%22%3A+false%7D%2C+%22password%22%3A+%220000%22%7D&amp;mode=play&amp;logo_url=http%3A%2F%2Fportal.iptvprivateserver.tv%2Fstalker_portal%2Fmisc%2Flogos%2F320%2F1847.png&quot;)</favourite>
    <favourite name="Discovery History" thumb="http://portal.iptvprivateserver.tv/stalker_portal/misc/logos/320/1471.png">PlayMedia(&quot;plugin://plugin.video.stalker-rip/?tmp=1&amp;genre_name=%5B%27All%27%5D&amp;title=Discovery+History&amp;cmd=ffrt2+http%3A%2F%2Flocalhost%2Fch%2F3397&amp;portal=%7B%22name%22%3A+%22NFPS%22%2C+%22parental%22%3A+%22true%22%2C+%22url%22%3A+%22http%3A%2F%2Fportal.iptvprivateserver.tv%22%2C+%22mac%22%3A+%2200%3A1A%3A79%3A11%3A11%3A11%22%2C+%22serial%22%3A+%7B%22custom%22%3A+false%7D%2C+%22password%22%3A+%220000%22%7D&amp;mode=play&amp;logo_url=http%3A%2F%2Fportal.iptvprivateserver.tv%2Fstalker_portal%2Fmisc%2Flogos%2F320%2F1471.png&quot;)</favourite>
    <favourite name="Discovery Home &amp; Health Latinoamerica" thumb="http://portal.iptvprivateserver.tv/stalker_portal/misc/logos/320/44.png">PlayMedia(&quot;plugin://plugin.video.stalker-rip/?tmp=1&amp;genre_name=%5B%27All%27%5D&amp;title=Discovery+Home+%26+Health+Latinoamerica&amp;cmd=ffrt2+http%3A%2F%2Flocalhost%2Fch%2F252&amp;portal=%7B%22name%22%3A+%22NFPS%22%2C+%22parental%22%3A+%22true%22%2C+%22url%22%3A+%22http%3A%2F%2Fportal.iptvprivateserver.tv%22%2C+%22mac%22%3A+%2200%3A1A%3A79%3A11%3A11%3A11%22%2C+%22serial%22%3A+%7B%22custom%22%3A+false%7D%2C+%22password%22%3A+%220000%22%7D&amp;mode=play&amp;logo_url=http%3A%2F%2Fportal.iptvprivateserver.tv%2Fstalker_portal%2Fmisc%2Flogos%2F320%2F44.png&quot;)</favourite>
    <favourite name="Discovery Kids America Latina" thumb="http://portal.iptvprivateserver.tv/stalker_portal/misc/logos/320/131.png">PlayMedia(&quot;plugin://plugin.video.stalker-rip/?tmp=1&amp;genre_name=%5B%27All%27%5D&amp;title=Discovery+Kids+America+Latina&amp;cmd=ffrt2+http%3A%2F%2Flocalhost%2Fch%2F309&amp;portal=%7B%22name%22%3A+%22NFPS%22%2C+%22parental%22%3A+%22true%22%2C+%22url%22%3A+%22http%3A%2F%2Fportal.iptvprivateserver.tv%22%2C+%22mac%22%3A+%2200%3A1A%3A79%3A11%3A11%3A11%22%2C+%22serial%22%3A+%7B%22custom%22%3A+false%7D%2C+%22password%22%3A+%220000%22%7D&amp;mode=play&amp;logo_url=http%3A%2F%2Fportal.iptvprivateserver.tv%2Fstalker_portal%2Fmisc%2Flogos%2F320%2F131.png&quot;)</favourite>
    <favourite name="Discovery Theater" thumb="http://portal.iptvprivateserver.tv/stalker_portal/misc/logos/320/29.png">PlayMedia(&quot;plugin://plugin.video.stalker-rip/?tmp=0&amp;genre_name=%5B%27All%27%5D&amp;title=Discovery+Theater&amp;cmd=ffrt2+http%3A%2F%2Flb.iptvserver.tv%3A8080%2Fredirect%2FLiveEdge%2FDiscoveryenEspanolHD%2Fplaylist.m3u8&amp;portal=%7B%22name%22%3A+%22NFPS%22%2C+%22parental%22%3A+%22true%22%2C+%22url%22%3A+%22http%3A%2F%2Fportal.iptvprivateserver.tv%22%2C+%22mac%22%3A+%2200%3A1A%3A79%3A11%3A11%3A11%22%2C+%22serial%22%3A+%7B%22custom%22%3A+false%7D%2C+%22password%22%3A+%220000%22%7D&amp;mode=play&amp;logo_url=http%3A%2F%2Fportal.iptvprivateserver.tv%2Fstalker_portal%2Fmisc%2Flogos%2F320%2F29.png&quot;)</favourite>
    <favourite name="Discovery Turbo" thumb="http://portal.iptvprivateserver.tv/stalker_portal/misc/logos/320/56.png">PlayMedia(&quot;plugin://plugin.video.stalker-rip/?tmp=1&amp;genre_name=%5B%27All%27%5D&amp;title=Discovery+Turbo&amp;cmd=ffrt2+http%3A%2F%2Flocalhost%2Fch%2F511&amp;portal=%7B%22name%22%3A+%22NFPS%22%2C+%22parental%22%3A+%22true%22%2C+%22url%22%3A+%22http%3A%2F%2Fportal.iptvprivateserver.tv%22%2C+%22mac%22%3A+%2200%3A1A%3A79%3A11%3A11%3A11%22%2C+%22serial%22%3A+%7B%22custom%22%3A+false%7D%2C+%22password%22%3A+%220000%22%7D&amp;mode=play&amp;logo_url=http%3A%2F%2Fportal.iptvprivateserver.tv%2Fstalker_portal%2Fmisc%2Flogos%2F320%2F56.png&quot;)</favourite>
    <favourite name="Discovery World" thumb="http://portal.iptvprivateserver.tv/stalker_portal/misc/logos/320/1493.png">PlayMedia(&quot;plugin://plugin.video.stalker-rip/?tmp=1&amp;genre_name=%5B%27All%27%5D&amp;title=Discovery+World&amp;cmd=ffrt2+http%3A%2F%2Flocalhost%2Fch%2F3529&amp;portal=%7B%22name%22%3A+%22NFPS%22%2C+%22parental%22%3A+%22true%22%2C+%22url%22%3A+%22http%3A%2F%2Fportal.iptvprivateserver.tv%22%2C+%22mac%22%3A+%2200%3A1A%3A79%3A11%3A11%3A11%22%2C+%22serial%22%3A+%7B%22custom%22%3A+false%7D%2C+%22password%22%3A+%220000%22%7D&amp;mode=play&amp;logo_url=http%3A%2F%2Fportal.iptvprivateserver.tv%2Fstalker_portal%2Fmisc%2Flogos%2F320%2F1493.png&quot;)</favourite>
    <favourite name="Disney Channel East" thumb="http://portal.iptvprivateserver.tv/stalker_portal/misc/logos/320/21.png">PlayMedia(&quot;plugin://plugin.video.stalker-rip/?tmp=1&amp;genre_name=%5B%27All%27%5D&amp;title=Disney+Channel+East&amp;cmd=ffrt2+http%3A%2F%2Flocalhost%2Fch%2F196&amp;portal=%7B%22name%22%3A+%22NFPS%22%2C+%22parental%22%3A+%22true%22%2C+%22url%22%3A+%22http%3A%2F%2Fportal.iptvprivateserver.tv%22%2C+%22mac%22%3A+%2200%3A1A%3A79%3A11%3A11%3A11%22%2C+%22serial%22%3A+%7B%22custom%22%3A+false%7D%2C+%22password%22%3A+%220000%22%7D&amp;mode=play&amp;logo_url=http%3A%2F%2Fportal.iptvprivateserver.tv%2Fstalker_portal%2Fmisc%2Flogos%2F320%2F21.png&quot;)</favourite>
    <favourite name="Disney Channel Norte" thumb="http://portal.iptvprivateserver.tv/stalker_portal/misc/logos/320/42.png">PlayMedia(&quot;plugin://plugin.video.stalker-rip/?tmp=1&amp;genre_name=%5B%27All%27%5D&amp;title=Disney+Channel+Norte&amp;cmd=ffrt2+http%3A%2F%2Flocalhost%2Fch%2F256&amp;portal=%7B%22name%22%3A+%22NFPS%22%2C+%22parental%22%3A+%22true%22%2C+%22url%22%3A+%22http%3A%2F%2Fportal.iptvprivateserver.tv%22%2C+%22mac%22%3A+%2200%3A1A%3A79%3A11%3A11%3A11%22%2C+%22serial%22%3A+%7B%22custom%22%3A+false%7D%2C+%22password%22%3A+%220000%22%7D&amp;mode=play&amp;logo_url=http%3A%2F%2Fportal.iptvprivateserver.tv%2Fstalker_portal%2Fmisc%2Flogos%2F320%2F42.png&quot;)</favourite>
    <favourite name="Disney Channel West" thumb="http://portal.iptvprivateserver.tv/stalker_portal/misc/logos/320/1842.png">PlayMedia(&quot;plugin://plugin.video.stalker-rip/?tmp=1&amp;genre_name=%5B%27All%27%5D&amp;title=Disney+Channel+West&amp;cmd=ffrt2+http%3A%2F%2Flocalhost%2Fch%2F4862&amp;portal=%7B%22name%22%3A+%22NFPS%22%2C+%22parental%22%3A+%22true%22%2C+%22url%22%3A+%22http%3A%2F%2Fportal.iptvprivateserver.tv%22%2C+%22mac%22%3A+%2200%3A1A%3A79%3A11%3A11%3A11%22%2C+%22serial%22%3A+%7B%22custom%22%3A+false%7D%2C+%22password%22%3A+%220000%22%7D&amp;mode=play&amp;logo_url=http%3A%2F%2Fportal.iptvprivateserver.tv%2Fstalker_portal%2Fmisc%2Flogos%2F320%2F1842.png&quot;)</favourite>
    <favourite name="Disney Jr" thumb="http://portal.iptvprivateserver.tv/stalker_portal/misc/logos/320/1832.png">PlayMedia(&quot;plugin://plugin.video.stalker-rip/?tmp=1&amp;genre_name=%5B%27All%27%5D&amp;title=Disney+Jr&amp;cmd=ffrt2+http%3A%2F%2Flocalhost%2Fch%2F4852&amp;portal=%7B%22name%22%3A+%22NFPS%22%2C+%22parental%22%3A+%22true%22%2C+%22url%22%3A+%22http%3A%2F%2Fportal.iptvprivateserver.tv%22%2C+%22mac%22%3A+%2200%3A1A%3A79%3A11%3A11%3A11%22%2C+%22serial%22%3A+%7B%22custom%22%3A+false%7D%2C+%22password%22%3A+%220000%22%7D&amp;mode=play&amp;logo_url=http%3A%2F%2Fportal.iptvprivateserver.tv%2Fstalker_portal%2Fmisc%2Flogos%2F320%2F1832.png&quot;)</favourite>
    <favourite name="Disney Junior Norte" thumb="http://portal.iptvprivateserver.tv/stalker_portal/misc/logos/320/843.png">PlayMedia(&quot;plugin://plugin.video.stalker-rip/?tmp=1&amp;genre_name=%5B%27All%27%5D&amp;title=Disney+Junior+Norte&amp;cmd=ffrt2+http%3A%2F%2Flocalhost%2Fch%2F1455&amp;portal=%7B%22name%22%3A+%22NFPS%22%2C+%22parental%22%3A+%22true%22%2C+%22url%22%3A+%22http%3A%2F%2Fportal.iptvprivateserver.tv%22%2C+%22mac%22%3A+%2200%3A1A%3A79%3A11%3A11%3A11%22%2C+%22serial%22%3A+%7B%22custom%22%3A+false%7D%2C+%22password%22%3A+%220000%22%7D&amp;mode=play&amp;logo_url=http%3A%2F%2Fportal.iptvprivateserver.tv%2Fstalker_portal%2Fmisc%2Flogos%2F320%2F843.png&quot;)</favourite>
    <favourite name="Disney XD" thumb="http://portal.iptvprivateserver.tv/stalker_portal/misc/logos/320/1840.png">PlayMedia(&quot;plugin://plugin.video.stalker-rip/?tmp=1&amp;genre_name=%5B%27All%27%5D&amp;title=Disney+XD&amp;cmd=ffrt2+http%3A%2F%2Flocalhost%2Fch%2F4860&amp;portal=%7B%22name%22%3A+%22NFPS%22%2C+%22parental%22%3A+%22true%22%2C+%22url%22%3A+%22http%3A%2F%2Fportal.iptvprivateserver.tv%22%2C+%22mac%22%3A+%2200%3A1A%3A79%3A11%3A11%3A11%22%2C+%22serial%22%3A+%7B%22custom%22%3A+false%7D%2C+%22password%22%3A+%220000%22%7D&amp;mode=play&amp;logo_url=http%3A%2F%2Fportal.iptvprivateserver.tv%2Fstalker_portal%2Fmisc%2Flogos%2F320%2F1840.png&quot;)</favourite>
    <favourite name="Disney XD Norte" thumb="http://portal.iptvprivateserver.tv/stalker_portal/misc/logos/320/255.png">PlayMedia(&quot;plugin://plugin.video.stalker-rip/?tmp=1&amp;genre_name=%5B%27All%27%5D&amp;title=Disney+XD+Norte&amp;cmd=ffrt2+http%3A%2F%2Flocalhost%2Fch%2F499&amp;portal=%7B%22name%22%3A+%22NFPS%22%2C+%22parental%22%3A+%22true%22%2C+%22url%22%3A+%22http%3A%2F%2Fportal.iptvprivateserver.tv%22%2C+%22mac%22%3A+%2200%3A1A%3A79%3A11%3A11%3A11%22%2C+%22serial%22%3A+%7B%22custom%22%3A+false%7D%2C+%22password%22%3A+%220000%22%7D&amp;mode=play&amp;logo_url=http%3A%2F%2Fportal.iptvprivateserver.tv%2Fstalker_portal%2Fmisc%2Flogos%2F320%2F255.png&quot;)</favourite>
    <favourite name="DIY Network USA" thumb="http://portal.iptvprivateserver.tv/stalker_portal/misc/logos/320/45.png">PlayMedia(&quot;plugin://plugin.video.stalker-rip/?tmp=1&amp;genre_name=%5B%27All%27%5D&amp;title=DIY+Network+USA&amp;cmd=ffrt2+http%3A%2F%2Flocalhost%2Fch%2F174&amp;portal=%7B%22name%22%3A+%22NFPS%22%2C+%22parental%22%3A+%22true%22%2C+%22url%22%3A+%22http%3A%2F%2Fportal.iptvprivateserver.tv%22%2C+%22mac%22%3A+%2200%3A1A%3A79%3A11%3A11%3A11%22%2C+%22serial%22%3A+%7B%22custom%22%3A+false%7D%2C+%22password%22%3A+%220000%22%7D&amp;mode=play&amp;logo_url=http%3A%2F%2Fportal.iptvprivateserver.tv%2Fstalker_portal%2Fmisc%2Flogos%2F320%2F45.png&quot;)</favourite>
    <favourite name="E!" thumb="http://portal.iptvprivateserver.tv/stalker_portal/misc/logos/320/1203.png">PlayMedia(&quot;plugin://plugin.video.stalker-rip/?tmp=1&amp;genre_name=%5B%27All%27%5D&amp;title=E%21&amp;cmd=ffrt2+http%3A%2F%2Flocalhost%2Fch%2F2341&amp;portal=%7B%22name%22%3A+%22NFPS%22%2C+%22parental%22%3A+%22true%22%2C+%22url%22%3A+%22http%3A%2F%2Fportal.iptvprivateserver.tv%22%2C+%22mac%22%3A+%2200%3A1A%3A79%3A11%3A11%3A11%22%2C+%22serial%22%3A+%7B%22custom%22%3A+false%7D%2C+%22password%22%3A+%220000%22%7D&amp;mode=play&amp;logo_url=http%3A%2F%2Fportal.iptvprivateserver.tv%2Fstalker_portal%2Fmisc%2Flogos%2F320%2F1203.png&quot;)</favourite>
    <favourite name="E! Latinoamerica" thumb="http://portal.iptvprivateserver.tv/stalker_portal/misc/logos/320/141.png">PlayMedia(&quot;plugin://plugin.video.stalker-rip/?tmp=1&amp;genre_name=%5B%27All%27%5D&amp;title=E%21+Latinoamerica&amp;cmd=ffrt2+http%3A%2F%2Flocalhost%2Fch%2F427&amp;portal=%7B%22name%22%3A+%22NFPS%22%2C+%22parental%22%3A+%22true%22%2C+%22url%22%3A+%22http%3A%2F%2Fportal.iptvprivateserver.tv%22%2C+%22mac%22%3A+%2200%3A1A%3A79%3A11%3A11%3A11%22%2C+%22serial%22%3A+%7B%22custom%22%3A+false%7D%2C+%22password%22%3A+%220000%22%7D&amp;mode=play&amp;logo_url=http%3A%2F%2Fportal.iptvprivateserver.tv%2Fstalker_portal%2Fmisc%2Flogos%2F320%2F141.png&quot;)</favourite>
    <favourite name="Elgourmet" thumb="http://portal.iptvprivateserver.tv/stalker_portal/misc/logos/320/613.png">PlayMedia(&quot;plugin://plugin.video.stalker-rip/?tmp=1&amp;genre_name=%5B%27All%27%5D&amp;title=Elgourmet&amp;cmd=ffrt2+http%3A%2F%2Flocalhost%2Fch%2F1033&amp;portal=%7B%22name%22%3A+%22NFPS%22%2C+%22parental%22%3A+%22true%22%2C+%22url%22%3A+%22http%3A%2F%2Fportal.iptvprivateserver.tv%22%2C+%22mac%22%3A+%2200%3A1A%3A79%3A11%3A11%3A11%22%2C+%22serial%22%3A+%7B%22custom%22%3A+false%7D%2C+%22password%22%3A+%220000%22%7D&amp;mode=play&amp;logo_url=http%3A%2F%2Fportal.iptvprivateserver.tv%2Fstalker_portal%2Fmisc%2Flogos%2F320%2F613.png&quot;)</favourite>
    <favourite name="Food Network East" thumb="http://portal.iptvprivateserver.tv/stalker_portal/misc/logos/320/25.png">PlayMedia(&quot;plugin://plugin.video.stalker-rip/?tmp=1&amp;genre_name=%5B%27All%27%5D&amp;title=Food+Network+East&amp;cmd=ffrt2+http%3A%2F%2Flocalhost%2Fch%2F172&amp;portal=%7B%22name%22%3A+%22NFPS%22%2C+%22parental%22%3A+%22true%22%2C+%22url%22%3A+%22http%3A%2F%2Fportal.iptvprivateserver.tv%22%2C+%22mac%22%3A+%2200%3A1A%3A79%3A11%3A11%3A11%22%2C+%22serial%22%3A+%7B%22custom%22%3A+false%7D%2C+%22password%22%3A+%220000%22%7D&amp;mode=play&amp;logo_url=http%3A%2F%2Fportal.iptvprivateserver.tv%2Fstalker_portal%2Fmisc%2Flogos%2F320%2F25.png&quot;)</favourite>
    <favourite name="FOX" thumb="http://portal.iptvprivateserver.tv/stalker_portal/misc/logos/320/247.png">PlayMedia(&quot;plugin://plugin.video.stalker-rip/?tmp=1&amp;genre_name=%5B%27All%27%5D&amp;title=FOX&amp;cmd=ffrt2+http%3A%2F%2Flocalhost%2Fch%2F491&amp;portal=%7B%22name%22%3A+%22NFPS%22%2C+%22parental%22%3A+%22true%22%2C+%22url%22%3A+%22http%3A%2F%2Fportal.iptvprivateserver.tv%22%2C+%22mac%22%3A+%2200%3A1A%3A79%3A11%3A11%3A11%22%2C+%22serial%22%3A+%7B%22custom%22%3A+false%7D%2C+%22password%22%3A+%220000%22%7D&amp;mode=play&amp;logo_url=http%3A%2F%2Fportal.iptvprivateserver.tv%2Fstalker_portal%2Fmisc%2Flogos%2F320%2F247.png&quot;)</favourite>
    <favourite name="FX East" thumb="http://portal.iptvprivateserver.tv/stalker_portal/misc/logos/320/585.png">PlayMedia(&quot;plugin://plugin.video.stalker-rip/?tmp=1&amp;genre_name=%5B%27All%27%5D&amp;title=FX+East&amp;cmd=ffrt2+http%3A%2F%2Flocalhost%2Fch%2F997&amp;portal=%7B%22name%22%3A+%22NFPS%22%2C+%22parental%22%3A+%22true%22%2C+%22url%22%3A+%22http%3A%2F%2Fportal.iptvprivateserver.tv%22%2C+%22mac%22%3A+%2200%3A1A%3A79%3A11%3A11%3A11%22%2C+%22serial%22%3A+%7B%22custom%22%3A+false%7D%2C+%22password%22%3A+%220000%22%7D&amp;mode=play&amp;logo_url=http%3A%2F%2Fportal.iptvprivateserver.tv%2Fstalker_portal%2Fmisc%2Flogos%2F320%2F585.png&quot;)</favourite>
    <favourite name="FXX East" thumb="http://portal.iptvprivateserver.tv/stalker_portal/misc/logos/320/1201.png">PlayMedia(&quot;plugin://plugin.video.stalker-rip/?tmp=1&amp;genre_name=%5B%27All%27%5D&amp;title=FXX+East&amp;cmd=ffrt2+http%3A%2F%2Flocalhost%2Fch%2F2339&amp;portal=%7B%22name%22%3A+%22NFPS%22%2C+%22parental%22%3A+%22true%22%2C+%22url%22%3A+%22http%3A%2F%2Fportal.iptvprivateserver.tv%22%2C+%22mac%22%3A+%2200%3A1A%3A79%3A11%3A11%3A11%22%2C+%22serial%22%3A+%7B%22custom%22%3A+false%7D%2C+%22password%22%3A+%220000%22%7D&amp;mode=play&amp;logo_url=http%3A%2F%2Fportal.iptvprivateserver.tv%2Fstalker_portal%2Fmisc%2Flogos%2F320%2F1201.png&quot;)</favourite>
    <favourite name="Good Food" thumb="http://portal.iptvprivateserver.tv/stalker_portal/misc/logos/320/1265.png">PlayMedia(&quot;plugin://plugin.video.stalker-rip/?tmp=1&amp;genre_name=%5B%27All%27%5D&amp;title=Good+Food&amp;cmd=ffrt2+http%3A%2F%2Flocalhost%2Fch%2F2587&amp;portal=%7B%22name%22%3A+%22NFPS%22%2C+%22parental%22%3A+%22true%22%2C+%22url%22%3A+%22http%3A%2F%2Fportal.iptvprivateserver.tv%22%2C+%22mac%22%3A+%2200%3A1A%3A79%3A11%3A11%3A11%22%2C+%22serial%22%3A+%7B%22custom%22%3A+false%7D%2C+%22password%22%3A+%220000%22%7D&amp;mode=play&amp;logo_url=http%3A%2F%2Fportal.iptvprivateserver.tv%2Fstalker_portal%2Fmisc%2Flogos%2F320%2F1265.png&quot;)</favourite>
    <favourite name="H2 USA" thumb="http://portal.iptvprivateserver.tv/stalker_portal/misc/logos/320/885.png">PlayMedia(&quot;plugin://plugin.video.stalker-rip/?tmp=1&amp;genre_name=%5B%27All%27%5D&amp;title=H2+USA&amp;cmd=ffrt2+http%3A%2F%2Flocalhost%2Fch%2F1497&amp;portal=%7B%22name%22%3A+%22NFPS%22%2C+%22parental%22%3A+%22true%22%2C+%22url%22%3A+%22http%3A%2F%2Fportal.iptvprivateserver.tv%22%2C+%22mac%22%3A+%2200%3A1A%3A79%3A11%3A11%3A11%22%2C+%22serial%22%3A+%7B%22custom%22%3A+false%7D%2C+%22password%22%3A+%220000%22%7D&amp;mode=play&amp;logo_url=http%3A%2F%2Fportal.iptvprivateserver.tv%2Fstalker_portal%2Fmisc%2Flogos%2F320%2F885.png&quot;)</favourite>
    <favourite name="HGTV East" thumb="http://portal.iptvprivateserver.tv/stalker_portal/misc/logos/320/2507.png">PlayMedia(&quot;plugin://plugin.video.stalker-rip/?tmp=1&amp;genre_name=%5B%27All%27%5D&amp;title=HGTV+East&amp;cmd=ffrt2+http%3A%2F%2Flocalhost%2Fch%2F6307&amp;portal=%7B%22name%22%3A+%22NFPS%22%2C+%22parental%22%3A+%22true%22%2C+%22url%22%3A+%22http%3A%2F%2Fportal.iptvprivateserver.tv%22%2C+%22mac%22%3A+%2200%3A1A%3A79%3A11%3A11%3A11%22%2C+%22serial%22%3A+%7B%22custom%22%3A+false%7D%2C+%22password%22%3A+%220000%22%7D&amp;mode=play&amp;logo_url=http%3A%2F%2Fportal.iptvprivateserver.tv%2Fstalker_portal%2Fmisc%2Flogos%2F320%2F2507.png&quot;)</favourite>
    <favourite name="History" thumb="http://portal.iptvprivateserver.tv/stalker_portal/misc/logos/320/32.png">PlayMedia(&quot;plugin://plugin.video.stalker-rip/?tmp=1&amp;genre_name=%5B%27All%27%5D&amp;title=History&amp;cmd=ffrt2+http%3A%2F%2Flocalhost%2Fch%2F176&amp;portal=%7B%22name%22%3A+%22NFPS%22%2C+%22parental%22%3A+%22true%22%2C+%22url%22%3A+%22http%3A%2F%2Fportal.iptvprivateserver.tv%22%2C+%22mac%22%3A+%2200%3A1A%3A79%3A11%3A11%3A11%22%2C+%22serial%22%3A+%7B%22custom%22%3A+false%7D%2C+%22password%22%3A+%220000%22%7D&amp;mode=play&amp;logo_url=http%3A%2F%2Fportal.iptvprivateserver.tv%2Fstalker_portal%2Fmisc%2Flogos%2F320%2F32.png&quot;)</favourite>
    <favourite name="History en Español" thumb="http://portal.iptvprivateserver.tv/stalker_portal/misc/logos/320/219.png">PlayMedia(&quot;plugin://plugin.video.stalker-rip/?tmp=0&amp;genre_name=%5B%27All%27%5D&amp;title=History+en+Espa%C3%B1ol&amp;cmd=ffrt2+http%3A%2F%2Flb.iptvserver.tv%3A8080%2Fredirect%2FLiveEdge%2FHistoryLA%2Fplaylist.m3u8&amp;portal=%7B%22name%22%3A+%22NFPS%22%2C+%22parental%22%3A+%22true%22%2C+%22url%22%3A+%22http%3A%2F%2Fportal.iptvprivateserver.tv%22%2C+%22mac%22%3A+%2200%3A1A%3A79%3A11%3A11%3A11%22%2C+%22serial%22%3A+%7B%22custom%22%3A+false%7D%2C+%22password%22%3A+%220000%22%7D&amp;mode=play&amp;logo_url=http%3A%2F%2Fportal.iptvprivateserver.tv%2Fstalker_portal%2Fmisc%2Flogos%2F320%2F219.png&quot;)</favourite>
    <favourite name="Investigation Discovery" thumb="http://portal.iptvprivateserver.tv/stalker_portal/misc/logos/320/1217.png">PlayMedia(&quot;plugin://plugin.video.stalker-rip/?tmp=1&amp;genre_name=%5B%27All%27%5D&amp;title=Investigation+Discovery&amp;cmd=ffrt2+http%3A%2F%2Flocalhost%2Fch%2F2357&amp;portal=%7B%22name%22%3A+%22NFPS%22%2C+%22parental%22%3A+%22true%22%2C+%22url%22%3A+%22http%3A%2F%2Fportal.iptvprivateserver.tv%22%2C+%22mac%22%3A+%2200%3A1A%3A79%3A11%3A11%3A11%22%2C+%22serial%22%3A+%7B%22custom%22%3A+false%7D%2C+%22password%22%3A+%220000%22%7D&amp;mode=play&amp;logo_url=http%3A%2F%2Fportal.iptvprivateserver.tv%2Fstalker_portal%2Fmisc%2Flogos%2F320%2F1217.png&quot;)</favourite>
    <favourite name="Investigation Discovery Latinoamerica" thumb="http://portal.iptvprivateserver.tv/stalker_portal/misc/logos/320/147.png">PlayMedia(&quot;plugin://plugin.video.stalker-rip/?tmp=1&amp;genre_name=%5B%27All%27%5D&amp;title=Investigation+Discovery+Latinoamerica&amp;cmd=ffrt2+http%3A%2F%2Flocalhost%2Fch%2F455&amp;portal=%7B%22name%22%3A+%22NFPS%22%2C+%22parental%22%3A+%22true%22%2C+%22url%22%3A+%22http%3A%2F%2Fportal.iptvprivateserver.tv%22%2C+%22mac%22%3A+%2200%3A1A%3A79%3A11%3A11%3A11%22%2C+%22serial%22%3A+%7B%22custom%22%3A+false%7D%2C+%22password%22%3A+%220000%22%7D&amp;mode=play&amp;logo_url=http%3A%2F%2Fportal.iptvprivateserver.tv%2Fstalker_portal%2Fmisc%2Flogos%2F320%2F147.png&quot;)</favourite>
    <favourite name="ION Television East" thumb="http://portal.iptvprivateserver.tv/stalker_portal/misc/logos/320/1882.png">PlayMedia(&quot;plugin://plugin.video.stalker-rip/?tmp=1&amp;genre_name=%5B%27All%27%5D&amp;title=ION+Television+East&amp;cmd=ffrt2+http%3A%2F%2Flocalhost%2Fch%2F4902&amp;portal=%7B%22name%22%3A+%22NFPS%22%2C+%22parental%22%3A+%22true%22%2C+%22url%22%3A+%22http%3A%2F%2Fportal.iptvprivateserver.tv%22%2C+%22mac%22%3A+%2200%3A1A%3A79%3A11%3A11%3A11%22%2C+%22serial%22%3A+%7B%22custom%22%3A+false%7D%2C+%22password%22%3A+%220000%22%7D&amp;mode=play&amp;logo_url=http%3A%2F%2Fportal.iptvprivateserver.tv%2Fstalker_portal%2Fmisc%2Flogos%2F320%2F1882.png&quot;)</favourite>
    <favourite name="Lifetime East" thumb="http://portal.iptvprivateserver.tv/stalker_portal/misc/logos/320/543.png">PlayMedia(&quot;plugin://plugin.video.stalker-rip/?tmp=1&amp;genre_name=%5B%27All%27%5D&amp;title=Lifetime+East&amp;cmd=ffrt2+http%3A%2F%2Flocalhost%2Fch%2F2581&amp;portal=%7B%22name%22%3A+%22NFPS%22%2C+%22parental%22%3A+%22true%22%2C+%22url%22%3A+%22http%3A%2F%2Fportal.iptvprivateserver.tv%22%2C+%22mac%22%3A+%2200%3A1A%3A79%3A11%3A11%3A11%22%2C+%22serial%22%3A+%7B%22custom%22%3A+false%7D%2C+%22password%22%3A+%220000%22%7D&amp;mode=play&amp;logo_url=http%3A%2F%2Fportal.iptvprivateserver.tv%2Fstalker_portal%2Fmisc%2Flogos%2F320%2F543.png&quot;)</favourite>
    <favourite name="Lifetime Latinoamerica" thumb="http://portal.iptvprivateserver.tv/stalker_portal/misc/logos/320/161.png">PlayMedia(&quot;plugin://plugin.video.stalker-rip/?tmp=1&amp;genre_name=%5B%27All%27%5D&amp;title=Lifetime+Latinoamerica&amp;cmd=ffrt2+http%3A%2F%2Flocalhost%2Fch%2F423&amp;portal=%7B%22name%22%3A+%22NFPS%22%2C+%22parental%22%3A+%22true%22%2C+%22url%22%3A+%22http%3A%2F%2Fportal.iptvprivateserver.tv%22%2C+%22mac%22%3A+%2200%3A1A%3A79%3A11%3A11%3A11%22%2C+%22serial%22%3A+%7B%22custom%22%3A+false%7D%2C+%22password%22%3A+%220000%22%7D&amp;mode=play&amp;logo_url=http%3A%2F%2Fportal.iptvprivateserver.tv%2Fstalker_portal%2Fmisc%2Flogos%2F320%2F161.png&quot;)</favourite>
    <favourite name="Nat Geo Wild" thumb="http://portal.iptvprivateserver.tv/stalker_portal/misc/logos/320/1810.png">PlayMedia(&quot;plugin://plugin.video.stalker-rip/?tmp=1&amp;genre_name=%5B%27All%27%5D&amp;title=Nat+Geo+Wild&amp;cmd=ffrt2+http%3A%2F%2Flocalhost%2Fch%2F4830&amp;portal=%7B%22name%22%3A+%22NFPS%22%2C+%22parental%22%3A+%22true%22%2C+%22url%22%3A+%22http%3A%2F%2Fportal.iptvprivateserver.tv%22%2C+%22mac%22%3A+%2200%3A1A%3A79%3A11%3A11%3A11%22%2C+%22serial%22%3A+%7B%22custom%22%3A+false%7D%2C+%22password%22%3A+%220000%22%7D&amp;mode=play&amp;logo_url=http%3A%2F%2Fportal.iptvprivateserver.tv%2Fstalker_portal%2Fmisc%2Flogos%2F320%2F1810.png&quot;)</favourite>
    <favourite name="Nat Geo Wild Latino America" thumb="http://portal.iptvprivateserver.tv/stalker_portal/misc/logos/320/35.png">PlayMedia(&quot;plugin://plugin.video.stalker-rip/?tmp=1&amp;genre_name=%5B%27All%27%5D&amp;title=Nat+Geo+Wild+Latino+America&amp;cmd=ffrt2+http%3A%2F%2Flocalhost%2Fch%2F254&amp;portal=%7B%22name%22%3A+%22NFPS%22%2C+%22parental%22%3A+%22true%22%2C+%22url%22%3A+%22http%3A%2F%2Fportal.iptvprivateserver.tv%22%2C+%22mac%22%3A+%2200%3A1A%3A79%3A11%3A11%3A11%22%2C+%22serial%22%3A+%7B%22custom%22%3A+false%7D%2C+%22password%22%3A+%220000%22%7D&amp;mode=play&amp;logo_url=http%3A%2F%2Fportal.iptvprivateserver.tv%2Fstalker_portal%2Fmisc%2Flogos%2F320%2F35.png&quot;)</favourite>
    <favourite name="National Geographic Channel" thumb="http://portal.iptvprivateserver.tv/stalker_portal/misc/logos/320/897.png">PlayMedia(&quot;plugin://plugin.video.stalker-rip/?tmp=1&amp;genre_name=%5B%27All%27%5D&amp;title=National+Geographic+Channel&amp;cmd=ffrt2+http%3A%2F%2Flocalhost%2Fch%2F2819&amp;portal=%7B%22name%22%3A+%22NFPS%22%2C+%22parental%22%3A+%22true%22%2C+%22url%22%3A+%22http%3A%2F%2Fportal.iptvprivateserver.tv%22%2C+%22mac%22%3A+%2200%3A1A%3A79%3A11%3A11%3A11%22%2C+%22serial%22%3A+%7B%22custom%22%3A+false%7D%2C+%22password%22%3A+%220000%22%7D&amp;mode=play&amp;logo_url=http%3A%2F%2Fportal.iptvprivateserver.tv%2Fstalker_portal%2Fmisc%2Flogos%2F320%2F897.png&quot;)</favourite>
    <favourite name="National Geographic Latinoamerica" thumb="http://portal.iptvprivateserver.tv/stalker_portal/misc/logos/320/217.png">PlayMedia(&quot;plugin://plugin.video.stalker-rip/?tmp=1&amp;genre_name=%5B%27All%27%5D&amp;title=National+Geographic+Latinoamerica&amp;cmd=ffrt2+http%3A%2F%2Flocalhost%2Fch%2F395&amp;portal=%7B%22name%22%3A+%22NFPS%22%2C+%22parental%22%3A+%22true%22%2C+%22url%22%3A+%22http%3A%2F%2Fportal.iptvprivateserver.tv%22%2C+%22mac%22%3A+%2200%3A1A%3A79%3A11%3A11%3A11%22%2C+%22serial%22%3A+%7B%22custom%22%3A+false%7D%2C+%22password%22%3A+%220000%22%7D&amp;mode=play&amp;logo_url=http%3A%2F%2Fportal.iptvprivateserver.tv%2Fstalker_portal%2Fmisc%2Flogos%2F320%2F217.png&quot;)</favourite>
    <favourite name="Nick Jr" thumb="http://portal.iptvprivateserver.tv/stalker_portal/misc/logos/320/1852.png">PlayMedia(&quot;plugin://plugin.video.stalker-rip/?tmp=1&amp;genre_name=%5B%27All%27%5D&amp;title=Nick+Jr&amp;cmd=ffrt2+http%3A%2F%2Flocalhost%2Fch%2F4872&amp;portal=%7B%22name%22%3A+%22NFPS%22%2C+%22parental%22%3A+%22true%22%2C+%22url%22%3A+%22http%3A%2F%2Fportal.iptvprivateserver.tv%22%2C+%22mac%22%3A+%2200%3A1A%3A79%3A11%3A11%3A11%22%2C+%22serial%22%3A+%7B%22custom%22%3A+false%7D%2C+%22password%22%3A+%220000%22%7D&amp;mode=play&amp;logo_url=http%3A%2F%2Fportal.iptvprivateserver.tv%2Fstalker_portal%2Fmisc%2Flogos%2F320%2F1852.png&quot;)</favourite>
    <favourite name="Nick Jr Latinoamerica" thumb="http://portal.iptvprivateserver.tv/stalker_portal/misc/logos/320/239.png">PlayMedia(&quot;plugin://plugin.video.stalker-rip/?tmp=1&amp;genre_name=%5B%27All%27%5D&amp;title=Nick+Jr+Latinoamerica&amp;cmd=ffrt2+http%3A%2F%2Flocalhost%2Fch%2F417&amp;portal=%7B%22name%22%3A+%22NFPS%22%2C+%22parental%22%3A+%22true%22%2C+%22url%22%3A+%22http%3A%2F%2Fportal.iptvprivateserver.tv%22%2C+%22mac%22%3A+%2200%3A1A%3A79%3A11%3A11%3A11%22%2C+%22serial%22%3A+%7B%22custom%22%3A+false%7D%2C+%22password%22%3A+%220000%22%7D&amp;mode=play&amp;logo_url=http%3A%2F%2Fportal.iptvprivateserver.tv%2Fstalker_portal%2Fmisc%2Flogos%2F320%2F239.png&quot;)</favourite>
    <favourite name="Nickelodeon East" thumb="http://portal.iptvprivateserver.tv/stalker_portal/misc/logos/320/973.png">PlayMedia(&quot;plugin://plugin.video.stalker-rip/?tmp=1&amp;genre_name=%5B%27All%27%5D&amp;title=Nickelodeon+East&amp;cmd=ffrt2+http%3A%2F%2Flocalhost%2Fch%2F1701&amp;portal=%7B%22name%22%3A+%22NFPS%22%2C+%22parental%22%3A+%22true%22%2C+%22url%22%3A+%22http%3A%2F%2Fportal.iptvprivateserver.tv%22%2C+%22mac%22%3A+%2200%3A1A%3A79%3A11%3A11%3A11%22%2C+%22serial%22%3A+%7B%22custom%22%3A+false%7D%2C+%22password%22%3A+%220000%22%7D&amp;mode=play&amp;logo_url=http%3A%2F%2Fportal.iptvprivateserver.tv%2Fstalker_portal%2Fmisc%2Flogos%2F320%2F973.png&quot;)</favourite>
    <favourite name="Nickelodeon Latinoamerica" thumb="http://portal.iptvprivateserver.tv/stalker_portal/misc/logos/320/817.png">PlayMedia(&quot;plugin://plugin.video.stalker-rip/?tmp=1&amp;genre_name=%5B%27All%27%5D&amp;title=Nickelodeon+Latinoamerica&amp;cmd=ffrt2+http%3A%2F%2Flocalhost%2Fch%2F1423&amp;portal=%7B%22name%22%3A+%22NFPS%22%2C+%22parental%22%3A+%22true%22%2C+%22url%22%3A+%22http%3A%2F%2Fportal.iptvprivateserver.tv%22%2C+%22mac%22%3A+%2200%3A1A%3A79%3A11%3A11%3A11%22%2C+%22serial%22%3A+%7B%22custom%22%3A+false%7D%2C+%22password%22%3A+%220000%22%7D&amp;mode=play&amp;logo_url=http%3A%2F%2Fportal.iptvprivateserver.tv%2Fstalker_portal%2Fmisc%2Flogos%2F320%2F817.png&quot;)</favourite>
    <favourite name="Ovation" thumb="http://portal.iptvprivateserver.tv/stalker_portal/misc/logos/320/1209.png">PlayMedia(&quot;plugin://plugin.video.stalker-rip/?tmp=1&amp;genre_name=%5B%27All%27%5D&amp;title=Ovation&amp;cmd=ffrt2+http%3A%2F%2Flocalhost%2Fch%2F2349&amp;portal=%7B%22name%22%3A+%22NFPS%22%2C+%22parental%22%3A+%22true%22%2C+%22url%22%3A+%22http%3A%2F%2Fportal.iptvprivateserver.tv%22%2C+%22mac%22%3A+%2200%3A1A%3A79%3A11%3A11%3A11%22%2C+%22serial%22%3A+%7B%22custom%22%3A+false%7D%2C+%22password%22%3A+%220000%22%7D&amp;mode=play&amp;logo_url=http%3A%2F%2Fportal.iptvprivateserver.tv%2Fstalker_portal%2Fmisc%2Flogos%2F320%2F1209.png&quot;)</favourite>
    <favourite name="Oxygen" thumb="http://portal.iptvprivateserver.tv/stalker_portal/misc/logos/320/33.png">PlayMedia(&quot;plugin://plugin.video.stalker-rip/?tmp=1&amp;genre_name=%5B%27All%27%5D&amp;title=Oxygen&amp;cmd=ffrt2+http%3A%2F%2Flocalhost%2Fch%2F180&amp;portal=%7B%22name%22%3A+%22NFPS%22%2C+%22parental%22%3A+%22true%22%2C+%22url%22%3A+%22http%3A%2F%2Fportal.iptvprivateserver.tv%22%2C+%22mac%22%3A+%2200%3A1A%3A79%3A11%3A11%3A11%22%2C+%22serial%22%3A+%7B%22custom%22%3A+false%7D%2C+%22password%22%3A+%220000%22%7D&amp;mode=play&amp;logo_url=http%3A%2F%2Fportal.iptvprivateserver.tv%2Fstalker_portal%2Fmisc%2Flogos%2F320%2F33.png&quot;)</favourite>
    <favourite name="Real" thumb="http://portal.iptvprivateserver.tv/stalker_portal/misc/logos/320/601.png">PlayMedia(&quot;plugin://plugin.video.stalker-rip/?tmp=1&amp;genre_name=%5B%27All%27%5D&amp;title=Real&amp;cmd=ffrt2+http%3A%2F%2Flocalhost%2Fch%2F1021&amp;portal=%7B%22name%22%3A+%22NFPS%22%2C+%22parental%22%3A+%22true%22%2C+%22url%22%3A+%22http%3A%2F%2Fportal.iptvprivateserver.tv%22%2C+%22mac%22%3A+%2200%3A1A%3A79%3A11%3A11%3A11%22%2C+%22serial%22%3A+%7B%22custom%22%3A+false%7D%2C+%22password%22%3A+%220000%22%7D&amp;mode=play&amp;logo_url=http%3A%2F%2Fportal.iptvprivateserver.tv%2Fstalker_portal%2Fmisc%2Flogos%2F320%2F601.png&quot;)</favourite>
    <favourite name="Really" thumb="http://portal.iptvprivateserver.tv/stalker_portal/misc/logos/320/50.png">PlayMedia(&quot;plugin://plugin.video.stalker-rip/?tmp=1&amp;genre_name=%5B%27All%27%5D&amp;title=Really&amp;cmd=ffrt2+http%3A%2F%2Flocalhost%2Fch%2F505&amp;portal=%7B%22name%22%3A+%22NFPS%22%2C+%22parental%22%3A+%22true%22%2C+%22url%22%3A+%22http%3A%2F%2Fportal.iptvprivateserver.tv%22%2C+%22mac%22%3A+%2200%3A1A%3A79%3A11%3A11%3A11%22%2C+%22serial%22%3A+%7B%22custom%22%3A+false%7D%2C+%22password%22%3A+%220000%22%7D&amp;mode=play&amp;logo_url=http%3A%2F%2Fportal.iptvprivateserver.tv%2Fstalker_portal%2Fmisc%2Flogos%2F320%2F50.png&quot;)</favourite>
    <favourite name="RT Documentary" thumb="http://portal.iptvprivateserver.tv/stalker_portal/misc/logos/320/899.png">PlayMedia(&quot;plugin://plugin.video.stalker-rip/?tmp=0&amp;genre_name=%5B%27All%27%5D&amp;title=RT+Documentary&amp;cmd=ffrt2+http%3A%2F%2Frt-a.akamaihd.net%2Fch_05%40325609%2F720p.m3u8&amp;portal=%7B%22name%22%3A+%22NFPS%22%2C+%22parental%22%3A+%22true%22%2C+%22url%22%3A+%22http%3A%2F%2Fportal.iptvprivateserver.tv%22%2C+%22mac%22%3A+%2200%3A1A%3A79%3A11%3A11%3A11%22%2C+%22serial%22%3A+%7B%22custom%22%3A+false%7D%2C+%22password%22%3A+%220000%22%7D&amp;mode=play&amp;logo_url=http%3A%2F%2Fportal.iptvprivateserver.tv%2Fstalker_portal%2Fmisc%2Flogos%2F320%2F899.png&quot;)</favourite>
    <favourite name="RTE ONE" thumb="http://portal.iptvprivateserver.tv/stalker_portal/misc/logos/320/777.png">PlayMedia(&quot;plugin://plugin.video.stalker-rip/?tmp=1&amp;genre_name=%5B%27All%27%5D&amp;title=RTE+ONE&amp;cmd=ffrt2+http%3A%2F%2Flocalhost%2Fch%2F2441&amp;portal=%7B%22name%22%3A+%22NFPS%22%2C+%22parental%22%3A+%22true%22%2C+%22url%22%3A+%22http%3A%2F%2Fportal.iptvprivateserver.tv%22%2C+%22mac%22%3A+%2200%3A1A%3A79%3A11%3A11%3A11%22%2C+%22serial%22%3A+%7B%22custom%22%3A+false%7D%2C+%22password%22%3A+%220000%22%7D&amp;mode=play&amp;logo_url=http%3A%2F%2Fportal.iptvprivateserver.tv%2Fstalker_portal%2Fmisc%2Flogos%2F320%2F777.png&quot;)</favourite>
    <favourite name="RTE TWO" thumb="http://portal.iptvprivateserver.tv/stalker_portal/misc/logos/320/779.png">PlayMedia(&quot;plugin://plugin.video.stalker-rip/?tmp=1&amp;genre_name=%5B%27All%27%5D&amp;title=RTE+TWO&amp;cmd=ffrt2+http%3A%2F%2Flocalhost%2Fch%2F2439&amp;portal=%7B%22name%22%3A+%22NFPS%22%2C+%22parental%22%3A+%22true%22%2C+%22url%22%3A+%22http%3A%2F%2Fportal.iptvprivateserver.tv%22%2C+%22mac%22%3A+%2200%3A1A%3A79%3A11%3A11%3A11%22%2C+%22serial%22%3A+%7B%22custom%22%3A+false%7D%2C+%22password%22%3A+%220000%22%7D&amp;mode=play&amp;logo_url=http%3A%2F%2Fportal.iptvprivateserver.tv%2Fstalker_portal%2Fmisc%2Flogos%2F320%2F779.png&quot;)</favourite>
    <favourite name="Science Channel" thumb="http://portal.iptvprivateserver.tv/stalker_portal/misc/logos/320/1295.png">PlayMedia(&quot;plugin://plugin.video.stalker-rip/?tmp=1&amp;genre_name=%5B%27All%27%5D&amp;title=Science+Channel&amp;cmd=ffrt2+http%3A%2F%2Flocalhost%2Fch%2F2529&amp;portal=%7B%22name%22%3A+%22NFPS%22%2C+%22parental%22%3A+%22true%22%2C+%22url%22%3A+%22http%3A%2F%2Fportal.iptvprivateserver.tv%22%2C+%22mac%22%3A+%2200%3A1A%3A79%3A11%3A11%3A11%22%2C+%22serial%22%3A+%7B%22custom%22%3A+false%7D%2C+%22password%22%3A+%220000%22%7D&amp;mode=play&amp;logo_url=http%3A%2F%2Fportal.iptvprivateserver.tv%2Fstalker_portal%2Fmisc%2Flogos%2F320%2F1295.png&quot;)</favourite>
    <favourite name="SPACE" thumb="http://portal.iptvprivateserver.tv/stalker_portal/misc/logos/320/835.png">PlayMedia(&quot;plugin://plugin.video.stalker-rip/?tmp=1&amp;genre_name=%5B%27All%27%5D&amp;title=SPACE&amp;cmd=ffrt2+http%3A%2F%2Flocalhost%2Fch%2F2489&amp;portal=%7B%22name%22%3A+%22NFPS%22%2C+%22parental%22%3A+%22true%22%2C+%22url%22%3A+%22http%3A%2F%2Fportal.iptvprivateserver.tv%22%2C+%22mac%22%3A+%2200%3A1A%3A79%3A11%3A11%3A11%22%2C+%22serial%22%3A+%7B%22custom%22%3A+false%7D%2C+%22password%22%3A+%220000%22%7D&amp;mode=play&amp;logo_url=http%3A%2F%2Fportal.iptvprivateserver.tv%2Fstalker_portal%2Fmisc%2Flogos%2F320%2F835.png&quot;)</favourite>
    <favourite name="Spike TV" thumb="http://portal.iptvprivateserver.tv/stalker_portal/misc/logos/320/1620.png">PlayMedia(&quot;plugin://plugin.video.stalker-rip/?tmp=1&amp;genre_name=%5B%27All%27%5D&amp;title=Spike+TV&amp;cmd=ffrt2+http%3A%2F%2Flocalhost%2Fch%2F4410&amp;portal=%7B%22name%22%3A+%22NFPS%22%2C+%22parental%22%3A+%22true%22%2C+%22url%22%3A+%22http%3A%2F%2Fportal.iptvprivateserver.tv%22%2C+%22mac%22%3A+%2200%3A1A%3A79%3A11%3A11%3A11%22%2C+%22serial%22%3A+%7B%22custom%22%3A+false%7D%2C+%22password%22%3A+%220000%22%7D&amp;mode=play&amp;logo_url=http%3A%2F%2Fportal.iptvprivateserver.tv%2Fstalker_portal%2Fmisc%2Flogos%2F320%2F1620.png&quot;)</favourite>
    <favourite name="TBS America Latina" thumb="http://portal.iptvprivateserver.tv/stalker_portal/misc/logos/320/155.png">PlayMedia(&quot;plugin://plugin.video.stalker-rip/?tmp=1&amp;genre_name=%5B%27All%27%5D&amp;title=TBS+America+Latina&amp;cmd=ffrt2+http%3A%2F%2Flocalhost%2Fch%2F333&amp;portal=%7B%22name%22%3A+%22NFPS%22%2C+%22parental%22%3A+%22true%22%2C+%22url%22%3A+%22http%3A%2F%2Fportal.iptvprivateserver.tv%22%2C+%22mac%22%3A+%2200%3A1A%3A79%3A11%3A11%3A11%22%2C+%22serial%22%3A+%7B%22custom%22%3A+false%7D%2C+%22password%22%3A+%220000%22%7D&amp;mode=play&amp;logo_url=http%3A%2F%2Fportal.iptvprivateserver.tv%2Fstalker_portal%2Fmisc%2Flogos%2F320%2F155.png&quot;)</favourite>
    <favourite name="TBS East" thumb="http://portal.iptvprivateserver.tv/stalker_portal/misc/logos/320/553.png">PlayMedia(&quot;plugin://plugin.video.stalker-rip/?tmp=1&amp;genre_name=%5B%27All%27%5D&amp;title=TBS+East&amp;cmd=ffrt2+http%3A%2F%2Flocalhost%2Fch%2F967&amp;portal=%7B%22name%22%3A+%22NFPS%22%2C+%22parental%22%3A+%22true%22%2C+%22url%22%3A+%22http%3A%2F%2Fportal.iptvprivateserver.tv%22%2C+%22mac%22%3A+%2200%3A1A%3A79%3A11%3A11%3A11%22%2C+%22serial%22%3A+%7B%22custom%22%3A+false%7D%2C+%22password%22%3A+%220000%22%7D&amp;mode=play&amp;logo_url=http%3A%2F%2Fportal.iptvprivateserver.tv%2Fstalker_portal%2Fmisc%2Flogos%2F320%2F553.png&quot;)</favourite>
    <favourite name="Teen Nick" thumb="http://portal.iptvprivateserver.tv/stalker_portal/misc/logos/320/1857.png">PlayMedia(&quot;plugin://plugin.video.stalker-rip/?tmp=1&amp;genre_name=%5B%27All%27%5D&amp;title=Teen+Nick&amp;cmd=ffrt2+http%3A%2F%2Flocalhost%2Fch%2F4877&amp;portal=%7B%22name%22%3A+%22NFPS%22%2C+%22parental%22%3A+%22true%22%2C+%22url%22%3A+%22http%3A%2F%2Fportal.iptvprivateserver.tv%22%2C+%22mac%22%3A+%2200%3A1A%3A79%3A11%3A11%3A11%22%2C+%22serial%22%3A+%7B%22custom%22%3A+false%7D%2C+%22password%22%3A+%220000%22%7D&amp;mode=play&amp;logo_url=http%3A%2F%2Fportal.iptvprivateserver.tv%2Fstalker_portal%2Fmisc%2Flogos%2F320%2F1857.png&quot;)</favourite>
    <favourite name="TLC" thumb="http://portal.iptvprivateserver.tv/stalker_portal/misc/logos/320/104.png">PlayMedia(&quot;plugin://plugin.video.stalker-rip/?tmp=1&amp;genre_name=%5B%27All%27%5D&amp;title=TLC&amp;cmd=ffrt2+http%3A%2F%2Flocalhost%2Fch%2F503&amp;portal=%7B%22name%22%3A+%22NFPS%22%2C+%22parental%22%3A+%22true%22%2C+%22url%22%3A+%22http%3A%2F%2Fportal.iptvprivateserver.tv%22%2C+%22mac%22%3A+%2200%3A1A%3A79%3A11%3A11%3A11%22%2C+%22serial%22%3A+%7B%22custom%22%3A+false%7D%2C+%22password%22%3A+%220000%22%7D&amp;mode=play&amp;logo_url=http%3A%2F%2Fportal.iptvprivateserver.tv%2Fstalker_portal%2Fmisc%2Flogos%2F320%2F104.png&quot;)</favourite>
    <favourite name="TLC Latinoamerica" thumb="http://portal.iptvprivateserver.tv/stalker_portal/misc/logos/320/149.png">PlayMedia(&quot;plugin://plugin.video.stalker-rip/?tmp=1&amp;genre_name=%5B%27All%27%5D&amp;title=TLC+Latinoamerica&amp;cmd=ffrt2+http%3A%2F%2Flocalhost%2Fch%2F327&amp;portal=%7B%22name%22%3A+%22NFPS%22%2C+%22parental%22%3A+%22true%22%2C+%22url%22%3A+%22http%3A%2F%2Fportal.iptvprivateserver.tv%22%2C+%22mac%22%3A+%2200%3A1A%3A79%3A11%3A11%3A11%22%2C+%22serial%22%3A+%7B%22custom%22%3A+false%7D%2C+%22password%22%3A+%220000%22%7D&amp;mode=play&amp;logo_url=http%3A%2F%2Fportal.iptvprivateserver.tv%2Fstalker_portal%2Fmisc%2Flogos%2F320%2F149.png&quot;)</favourite>
    <favourite name="TNT Drama" thumb="http://portal.iptvprivateserver.tv/stalker_portal/misc/logos/320/565.png">PlayMedia(&quot;plugin://plugin.video.stalker-rip/?tmp=1&amp;genre_name=%5B%27All%27%5D&amp;title=TNT+Drama&amp;cmd=ffrt2+http%3A%2F%2Flocalhost%2Fch%2F977&amp;portal=%7B%22name%22%3A+%22NFPS%22%2C+%22parental%22%3A+%22true%22%2C+%22url%22%3A+%22http%3A%2F%2Fportal.iptvprivateserver.tv%22%2C+%22mac%22%3A+%2200%3A1A%3A79%3A11%3A11%3A11%22%2C+%22serial%22%3A+%7B%22custom%22%3A+false%7D%2C+%22password%22%3A+%220000%22%7D&amp;mode=play&amp;logo_url=http%3A%2F%2Fportal.iptvprivateserver.tv%2Fstalker_portal%2Fmisc%2Flogos%2F320%2F565.png&quot;)</favourite>
    <favourite name="TNT America Latina" thumb="http://portal.iptvprivateserver.tv/stalker_portal/misc/logos/320/37.png">PlayMedia(&quot;plugin://plugin.video.stalker-rip/?tmp=1&amp;genre_name=%5B%27All%27%5D&amp;title=TNT+America+Latina&amp;cmd=ffrt2+http%3A%2F%2Flocalhost%2Fch%2F262&amp;portal=%7B%22name%22%3A+%22NFPS%22%2C+%22parental%22%3A+%22true%22%2C+%22url%22%3A+%22http%3A%2F%2Fportal.iptvprivateserver.tv%22%2C+%22mac%22%3A+%2200%3A1A%3A79%3A11%3A11%3A11%22%2C+%22serial%22%3A+%7B%22custom%22%3A+false%7D%2C+%22password%22%3A+%220000%22%7D&amp;mode=play&amp;logo_url=http%3A%2F%2Fportal.iptvprivateserver.tv%2Fstalker_portal%2Fmisc%2Flogos%2F320%2F37.png&quot;)</favourite>
    <favourite name="Tooncast" thumb="http://portal.iptvprivateserver.tv/stalker_portal/misc/logos/320/137.png">PlayMedia(&quot;plugin://plugin.video.stalker-rip/?tmp=1&amp;genre_name=%5B%27All%27%5D&amp;title=Tooncast&amp;cmd=ffrt2+http%3A%2F%2Flocalhost%2Fch%2F443&amp;portal=%7B%22name%22%3A+%22NFPS%22%2C+%22parental%22%3A+%22true%22%2C+%22url%22%3A+%22http%3A%2F%2Fportal.iptvprivateserver.tv%22%2C+%22mac%22%3A+%2200%3A1A%3A79%3A11%3A11%3A11%22%2C+%22serial%22%3A+%7B%22custom%22%3A+false%7D%2C+%22password%22%3A+%220000%22%7D&amp;mode=play&amp;logo_url=http%3A%2F%2Fportal.iptvprivateserver.tv%2Fstalker_portal%2Fmisc%2Flogos%2F320%2F137.png&quot;)</favourite>
    <favourite name="Travel Channel UK" thumb="http://portal.iptvprivateserver.tv/stalker_portal/misc/logos/320/1627.png">PlayMedia(&quot;plugin://plugin.video.stalker-rip/?tmp=1&amp;genre_name=%5B%27All%27%5D&amp;title=Travel+Channel+UK&amp;cmd=ffrt2+http%3A%2F%2Flocalhost%2Fch%2F4422&amp;portal=%7B%22name%22%3A+%22NFPS%22%2C+%22parental%22%3A+%22true%22%2C+%22url%22%3A+%22http%3A%2F%2Fportal.iptvprivateserver.tv%22%2C+%22mac%22%3A+%2200%3A1A%3A79%3A11%3A11%3A11%22%2C+%22serial%22%3A+%7B%22custom%22%3A+false%7D%2C+%22password%22%3A+%220000%22%7D&amp;mode=play&amp;logo_url=http%3A%2F%2Fportal.iptvprivateserver.tv%2Fstalker_portal%2Fmisc%2Flogos%2F320%2F1627.png&quot;)</favourite>
    <favourite name="Tru TV East" thumb="http://portal.iptvprivateserver.tv/stalker_portal/misc/logos/320/987.png">PlayMedia(&quot;plugin://plugin.video.stalker-rip/?tmp=1&amp;genre_name=%5B%27All%27%5D&amp;title=Tru+TV+East&amp;cmd=ffrt2+http%3A%2F%2Flocalhost%2Fch%2F1769&amp;portal=%7B%22name%22%3A+%22NFPS%22%2C+%22parental%22%3A+%22true%22%2C+%22url%22%3A+%22http%3A%2F%2Fportal.iptvprivateserver.tv%22%2C+%22mac%22%3A+%2200%3A1A%3A79%3A11%3A11%3A11%22%2C+%22serial%22%3A+%7B%22custom%22%3A+false%7D%2C+%22password%22%3A+%220000%22%7D&amp;mode=play&amp;logo_url=http%3A%2F%2Fportal.iptvprivateserver.tv%2Fstalker_portal%2Fmisc%2Flogos%2F320%2F987.png&quot;)</favourite>
    <favourite name="True Drama" thumb="http://portal.iptvprivateserver.tv/stalker_portal/misc/logos/320/1437.png">PlayMedia(&quot;plugin://plugin.video.stalker-rip/?tmp=1&amp;genre_name=%5B%27All%27%5D&amp;title=True+Drama&amp;cmd=ffrt2+http%3A%2F%2Flocalhost%2Fch%2F2873&amp;portal=%7B%22name%22%3A+%22NFPS%22%2C+%22parental%22%3A+%22true%22%2C+%22url%22%3A+%22http%3A%2F%2Fportal.iptvprivateserver.tv%22%2C+%22mac%22%3A+%2200%3A1A%3A79%3A11%3A11%3A11%22%2C+%22serial%22%3A+%7B%22custom%22%3A+false%7D%2C+%22password%22%3A+%220000%22%7D&amp;mode=play&amp;logo_url=http%3A%2F%2Fportal.iptvprivateserver.tv%2Fstalker_portal%2Fmisc%2Flogos%2F320%2F1437.png&quot;)</favourite>
    <favourite name="USA Network East" thumb="http://portal.iptvprivateserver.tv/stalker_portal/misc/logos/320/20.png">PlayMedia(&quot;plugin://plugin.video.stalker-rip/?tmp=1&amp;genre_name=%5B%27All%27%5D&amp;title=USA+Network+East&amp;cmd=ffrt2+http%3A%2F%2Flocalhost%2Fch%2F2579&amp;portal=%7B%22name%22%3A+%22NFPS%22%2C+%22parental%22%3A+%22true%22%2C+%22url%22%3A+%22http%3A%2F%2Fportal.iptvprivateserver.tv%22%2C+%22mac%22%3A+%2200%3A1A%3A79%3A11%3A11%3A11%22%2C+%22serial%22%3A+%7B%22custom%22%3A+false%7D%2C+%22password%22%3A+%220000%22%7D&amp;mode=play&amp;logo_url=http%3A%2F%2Fportal.iptvprivateserver.tv%2Fstalker_portal%2Fmisc%2Flogos%2F320%2F20.png&quot;)</favourite>
    <favourite name="VH1 Classic Europe" thumb="http://portal.iptvprivateserver.tv/stalker_portal/misc/logos/320/237.png">PlayMedia(&quot;plugin://plugin.video.stalker-rip/?tmp=1&amp;genre_name=%5B%27All%27%5D&amp;title=VH1+Classic+Europe&amp;cmd=ffrt2+http%3A%2F%2Flocalhost%2Fch%2F415&amp;portal=%7B%22name%22%3A+%22NFPS%22%2C+%22parental%22%3A+%22true%22%2C+%22url%22%3A+%22http%3A%2F%2Fportal.iptvprivateserver.tv%22%2C+%22mac%22%3A+%2200%3A1A%3A79%3A11%3A11%3A11%22%2C+%22serial%22%3A+%7B%22custom%22%3A+false%7D%2C+%22password%22%3A+%220000%22%7D&amp;mode=play&amp;logo_url=http%3A%2F%2Fportal.iptvprivateserver.tv%2Fstalker_portal%2Fmisc%2Flogos%2F320%2F237.png&quot;)</favourite>
    <favourite name="WE TV" thumb="http://portal.iptvprivateserver.tv/stalker_portal/misc/logos/320/30.png">PlayMedia(&quot;plugin://plugin.video.stalker-rip/?tmp=1&amp;genre_name=%5B%27All%27%5D&amp;title=WE+TV&amp;cmd=ffrt2+http%3A%2F%2Flocalhost%2Fch%2F182&amp;portal=%7B%22name%22%3A+%22NFPS%22%2C+%22parental%22%3A+%22true%22%2C+%22url%22%3A+%22http%3A%2F%2Fportal.iptvprivateserver.tv%22%2C+%22mac%22%3A+%2200%3A1A%3A79%3A11%3A11%3A11%22%2C+%22serial%22%3A+%7B%22custom%22%3A+false%7D%2C+%22password%22%3A+%220000%22%7D&amp;mode=play&amp;logo_url=http%3A%2F%2Fportal.iptvprivateserver.tv%2Fstalker_portal%2Fmisc%2Flogos%2F320%2F30.png&quot;)</favourite>
    <favourite name="WGN America" thumb="http://portal.iptvprivateserver.tv/stalker_portal/misc/logos/320/989.png">PlayMedia(&quot;plugin://plugin.video.stalker-rip/?tmp=1&amp;genre_name=%5B%27All%27%5D&amp;title=WGN+America&amp;cmd=ffrt2+http%3A%2F%2Flocalhost%2Fch%2F1771&amp;portal=%7B%22name%22%3A+%22NFPS%22%2C+%22parental%22%3A+%22true%22%2C+%22url%22%3A+%22http%3A%2F%2Fportal.iptvprivateserver.tv%22%2C+%22mac%22%3A+%2200%3A1A%3A79%3A11%3A11%3A11%22%2C+%22serial%22%3A+%7B%22custom%22%3A+false%7D%2C+%22password%22%3A+%220000%22%7D&amp;mode=play&amp;logo_url=http%3A%2F%2Fportal.iptvprivateserver.tv%2Fstalker_portal%2Fmisc%2Flogos%2F320%2F989.png&quot;)</favourite>
    <favourite name="Yes Network" thumb="http://portal.iptvprivateserver.tv/stalker_portal/misc/logos/320/1812.png">PlayMedia(&quot;plugin://plugin.video.stalker-rip/?tmp=1&amp;genre_name=%5B%27All%27%5D&amp;title=Yes+Network&amp;cmd=ffrt2+http%3A%2F%2Flocalhost%2Fch%2F4832&amp;portal=%7B%22name%22%3A+%22NFPS%22%2C+%22parental%22%3A+%22true%22%2C+%22url%22%3A+%22http%3A%2F%2Fportal.iptvprivateserver.tv%22%2C+%22mac%22%3A+%2200%3A1A%3A79%3A11%3A11%3A11%22%2C+%22serial%22%3A+%7B%22custom%22%3A+false%7D%2C+%22password%22%3A+%220000%22%7D&amp;mode=play&amp;logo_url=http%3A%2F%2Fportal.iptvprivateserver.tv%2Fstalker_portal%2Fmisc%2Flogos%2F320%2F1812.png&quot;)</favourite>
    <favourite name="4 Seven" thumb="http://portal.iptvprivateserver.tv/stalker_portal/misc/logos/320/1600.png">PlayMedia(&quot;plugin://plugin.video.stalker-rip/?tmp=1&amp;genre_name=%5B%27All%27%5D&amp;title=4+Seven&amp;cmd=ffrt2+http%3A%2F%2Flocalhost%2Fch%2F4270&amp;portal=%7B%22name%22%3A+%22NFPS%22%2C+%22parental%22%3A+%22true%22%2C+%22url%22%3A+%22http%3A%2F%2Fportal.iptvprivateserver.tv%22%2C+%22mac%22%3A+%2200%3A1A%3A79%3A11%3A11%3A11%22%2C+%22serial%22%3A+%7B%22custom%22%3A+false%7D%2C+%22password%22%3A+%220000%22%7D&amp;mode=play&amp;logo_url=http%3A%2F%2Fportal.iptvprivateserver.tv%2Fstalker_portal%2Fmisc%2Flogos%2F320%2F1600.png&quot;)</favourite>
    <favourite name="4TV News" thumb="http://portal.iptvprivateserver.tv/stalker_portal/misc/logos/320/2197.png">PlayMedia(&quot;plugin://plugin.video.stalker-rip/?tmp=1&amp;genre_name=%5B%27All%27%5D&amp;title=4TV+News&amp;cmd=ffrt2+http%3A%2F%2Flocalhost%2Fch%2F5962&amp;portal=%7B%22name%22%3A+%22NFPS%22%2C+%22parental%22%3A+%22true%22%2C+%22url%22%3A+%22http%3A%2F%2Fportal.iptvprivateserver.tv%22%2C+%22mac%22%3A+%2200%3A1A%3A79%3A11%3A11%3A11%22%2C+%22serial%22%3A+%7B%22custom%22%3A+false%7D%2C+%22password%22%3A+%220000%22%7D&amp;mode=play&amp;logo_url=http%3A%2F%2Fportal.iptvprivateserver.tv%2Fstalker_portal%2Fmisc%2Flogos%2F320%2F2197.png&quot;)</favourite>
    <favourite name="5 Star" thumb="http://portal.iptvprivateserver.tv/stalker_portal/misc/logos/320/1429.png">PlayMedia(&quot;plugin://plugin.video.stalker-rip/?tmp=1&amp;genre_name=%5B%27All%27%5D&amp;title=5+Star&amp;cmd=ffrt2+http%3A%2F%2Flocalhost%2Fch%2F2865&amp;portal=%7B%22name%22%3A+%22NFPS%22%2C+%22parental%22%3A+%22true%22%2C+%22url%22%3A+%22http%3A%2F%2Fportal.iptvprivateserver.tv%22%2C+%22mac%22%3A+%2200%3A1A%3A79%3A11%3A11%3A11%22%2C+%22serial%22%3A+%7B%22custom%22%3A+false%7D%2C+%22password%22%3A+%220000%22%7D&amp;mode=play&amp;logo_url=http%3A%2F%2Fportal.iptvprivateserver.tv%2Fstalker_portal%2Fmisc%2Flogos%2F320%2F1429.png&quot;)</favourite>
    <favourite name="5 USA" thumb="http://portal.iptvprivateserver.tv/stalker_portal/misc/logos/320/1431.png">PlayMedia(&quot;plugin://plugin.video.stalker-rip/?tmp=1&amp;genre_name=%5B%27All%27%5D&amp;title=5+USA&amp;cmd=ffrt2+http%3A%2F%2Flocalhost%2Fch%2F2867&amp;portal=%7B%22name%22%3A+%22NFPS%22%2C+%22parental%22%3A+%22true%22%2C+%22url%22%3A+%22http%3A%2F%2Fportal.iptvprivateserver.tv%22%2C+%22mac%22%3A+%2200%3A1A%3A79%3A11%3A11%3A11%22%2C+%22serial%22%3A+%7B%22custom%22%3A+false%7D%2C+%22password%22%3A+%220000%22%7D&amp;mode=play&amp;logo_url=http%3A%2F%2Fportal.iptvprivateserver.tv%2Fstalker_portal%2Fmisc%2Flogos%2F320%2F1431.png&quot;)</favourite>
</favourites>
