<favourites>
     <favourite name="AMC East" thumb="http://portal.iptvprivateserver.tv/stalker_portal/misc/logos/320/663.png">PlayMedia(&quot;plugin://plugin.video.stalker-rip/?tmp=1&amp;genre_name=%5B%27All%27%5D&amp;title=AMC+East&amp;cmd=ffrt2+http%3A%2F%2Flocalhost%2Fch%2F1093&amp;portal=%7B%22name%22%3A+%22NFPS%22%2C+%22parental%22%3A+%22true%22%2C+%22url%22%3A+%22http%3A%2F%2Fportal.iptvprivateserver.tv%22%2C+%22mac%22%3A+%2200%3A1A%3A79%3A11%3A11%3A11%22%2C+%22serial%22%3A+%7B%22custom%22%3A+false%7D%2C+%22password%22%3A+%220000%22%7D&amp;mode=play&amp;logo_url=http%3A%2F%2Fportal.iptvprivateserver.tv%2Fstalker_portal%2Fmisc%2Flogos%2F320%2F663.png&quot;)</favourite>
     <favourite name="AMC" thumb="http://portal.iptvprivateserver.tv/stalker_portal/misc/logos/320/229.png">PlayMedia(&quot;plugin://plugin.video.stalker-rip/?tmp=1&amp;genre_name=%5B%27All%27%5D&amp;title=AMC&amp;cmd=ffrt2+http%3A%2F%2Flocalhost%2Fch%2F485&amp;portal=%7B%22name%22%3A+%22NFPS%22%2C+%22parental%22%3A+%22true%22%2C+%22url%22%3A+%22http%3A%2F%2Fportal.iptvprivateserver.tv%22%2C+%22mac%22%3A+%2200%3A1A%3A79%3A11%3A11%3A11%22%2C+%22serial%22%3A+%7B%22custom%22%3A+false%7D%2C+%22password%22%3A+%220000%22%7D&amp;mode=play&amp;logo_url=http%3A%2F%2Fportal.iptvprivateserver.tv%2Fstalker_portal%2Fmisc%2Flogos%2F320%2F229.png&quot;)</favourite>
     <favourite name="Cinemax East" thumb="http://portal.iptvprivateserver.tv/stalker_portal/misc/logos/320/539.png">PlayMedia(&quot;plugin://plugin.video.stalker-rip/?tmp=1&amp;genre_name=%5B%27All%27%5D&amp;title=Cinemax+East&amp;cmd=ffrt2+http%3A%2F%2Flocalhost%2Fch%2F953&amp;portal=%7B%22name%22%3A+%22NFPS%22%2C+%22parental%22%3A+%22true%22%2C+%22url%22%3A+%22http%3A%2F%2Fportal.iptvprivateserver.tv%22%2C+%22mac%22%3A+%2200%3A1A%3A79%3A11%3A11%3A11%22%2C+%22serial%22%3A+%7B%22custom%22%3A+false%7D%2C+%22password%22%3A+%220000%22%7D&amp;mode=play&amp;logo_url=http%3A%2F%2Fportal.iptvprivateserver.tv%2Fstalker_portal%2Fmisc%2Flogos%2F320%2F539.png&quot;)</favourite>
     <favourite name="Cinemax West" thumb="http://portal.iptvprivateserver.tv/stalker_portal/misc/logos/320/541.png">PlayMedia(&quot;plugin://plugin.video.stalker-rip/?tmp=1&amp;genre_name=%5B%27All%27%5D&amp;title=Cinemax+West&amp;cmd=ffrt2+http%3A%2F%2Flocalhost%2Fch%2F955&amp;portal=%7B%22name%22%3A+%22NFPS%22%2C+%22parental%22%3A+%22true%22%2C+%22url%22%3A+%22http%3A%2F%2Fportal.iptvprivateserver.tv%22%2C+%22mac%22%3A+%2200%3A1A%3A79%3A11%3A11%3A11%22%2C+%22serial%22%3A+%7B%22custom%22%3A+false%7D%2C+%22password%22%3A+%220000%22%7D&amp;mode=play&amp;logo_url=http%3A%2F%2Fportal.iptvprivateserver.tv%2Fstalker_portal%2Fmisc%2Flogos%2F320%2F541.png&quot;)</favourite>
     <favourite name="Encore Action East" thumb="http://portal.iptvprivateserver.tv/stalker_portal/misc/logos/320/1877.png">PlayMedia(&quot;plugin://plugin.video.stalker-rip/?tmp=1&amp;genre_name=%5B%27All%27%5D&amp;title=Encore+Action+East&amp;cmd=ffrt2+http%3A%2F%2Flocalhost%2Fch%2F4897&amp;portal=%7B%22name%22%3A+%22NFPS%22%2C+%22parental%22%3A+%22true%22%2C+%22url%22%3A+%22http%3A%2F%2Fportal.iptvprivateserver.tv%22%2C+%22mac%22%3A+%2200%3A1A%3A79%3A11%3A11%3A11%22%2C+%22serial%22%3A+%7B%22custom%22%3A+false%7D%2C+%22password%22%3A+%220000%22%7D&amp;mode=play&amp;logo_url=http%3A%2F%2Fportal.iptvprivateserver.tv%2Fstalker_portal%2Fmisc%2Flogos%2F320%2F1877.png&quot;)</favourite>
     <favourite name="Encore East" thumb="http://portal.iptvprivateserver.tv/stalker_portal/misc/logos/320/26.png">PlayMedia(&quot;plugin://plugin.video.stalker-rip/?tmp=1&amp;genre_name=%5B%27All%27%5D&amp;title=Encore+East&amp;cmd=ffrt2+http%3A%2F%2Flocalhost%2Fch%2F222&amp;portal=%7B%22name%22%3A+%22NFPS%22%2C+%22parental%22%3A+%22true%22%2C+%22url%22%3A+%22http%3A%2F%2Fportal.iptvprivateserver.tv%22%2C+%22mac%22%3A+%2200%3A1A%3A79%3A11%3A11%3A11%22%2C+%22serial%22%3A+%7B%22custom%22%3A+false%7D%2C+%22password%22%3A+%220000%22%7D&amp;mode=play&amp;logo_url=http%3A%2F%2Fportal.iptvprivateserver.tv%2Fstalker_portal%2Fmisc%2Flogos%2F320%2F26.png&quot;)</favourite>
     <favourite name="Hallmark Movie Channel" thumb="http://portal.iptvprivateserver.tv/stalker_portal/misc/logos/320/581.png">PlayMedia(&quot;plugin://plugin.video.stalker-rip/?tmp=1&amp;genre_name=%5B%27All%27%5D&amp;title=Hallmark+Movie+Channel&amp;cmd=ffrt2+http%3A%2F%2Flocalhost%2Fch%2F1005&amp;portal=%7B%22name%22%3A+%22NFPS%22%2C+%22parental%22%3A+%22true%22%2C+%22url%22%3A+%22http%3A%2F%2Fportal.iptvprivateserver.tv%22%2C+%22mac%22%3A+%2200%3A1A%3A79%3A11%3A11%3A11%22%2C+%22serial%22%3A+%7B%22custom%22%3A+false%7D%2C+%22password%22%3A+%220000%22%7D&amp;mode=play&amp;logo_url=http%3A%2F%2Fportal.iptvprivateserver.tv%2Fstalker_portal%2Fmisc%2Flogos%2F320%2F581.png&quot;)</favourite>
     <favourite name="HBO 2 East" thumb="http://portal.iptvprivateserver.tv/stalker_portal/misc/logos/320/28.png">PlayMedia(&quot;plugin://plugin.video.stalker-rip/?tmp=1&amp;genre_name=%5B%27All%27%5D&amp;title=HBO+2+East&amp;cmd=ffrt2+http%3A%2F%2Flocalhost%2Fch%2F216&amp;portal=%7B%22name%22%3A+%22NFPS%22%2C+%22parental%22%3A+%22true%22%2C+%22url%22%3A+%22http%3A%2F%2Fportal.iptvprivateserver.tv%22%2C+%22mac%22%3A+%2200%3A1A%3A79%3A11%3A11%3A11%22%2C+%22serial%22%3A+%7B%22custom%22%3A+false%7D%2C+%22password%22%3A+%220000%22%7D&amp;mode=play&amp;logo_url=http%3A%2F%2Fportal.iptvprivateserver.tv%2Fstalker_portal%2Fmisc%2Flogos%2F320%2F28.png&quot;)</favourite>
     <favourite name="HBO 2 West" thumb="http://portal.iptvprivateserver.tv/stalker_portal/misc/logos/320/665.png">PlayMedia(&quot;plugin://plugin.video.stalker-rip/?tmp=1&amp;genre_name=%5B%27All%27%5D&amp;title=HBO+2+West&amp;cmd=ffrt2+http%3A%2F%2Flocalhost%2Fch%2F1095&amp;portal=%7B%22name%22%3A+%22NFPS%22%2C+%22parental%22%3A+%22true%22%2C+%22url%22%3A+%22http%3A%2F%2Fportal.iptvprivateserver.tv%22%2C+%22mac%22%3A+%2200%3A1A%3A79%3A11%3A11%3A11%22%2C+%22serial%22%3A+%7B%22custom%22%3A+false%7D%2C+%22password%22%3A+%220000%22%7D&amp;mode=play&amp;logo_url=http%3A%2F%2Fportal.iptvprivateserver.tv%2Fstalker_portal%2Fmisc%2Flogos%2F320%2F665.png&quot;)</favourite>
     <favourite name="HBO Comedy East" thumb="http://portal.iptvprivateserver.tv/stalker_portal/misc/logos/320/589.png">PlayMedia(&quot;plugin://plugin.video.stalker-rip/?tmp=1&amp;genre_name=%5B%27All%27%5D&amp;title=HBO+Comedy+East&amp;cmd=ffrt2+http%3A%2F%2Flocalhost%2Fch%2F1001&amp;portal=%7B%22name%22%3A+%22NFPS%22%2C+%22parental%22%3A+%22true%22%2C+%22url%22%3A+%22http%3A%2F%2Fportal.iptvprivateserver.tv%22%2C+%22mac%22%3A+%2200%3A1A%3A79%3A11%3A11%3A11%22%2C+%22serial%22%3A+%7B%22custom%22%3A+false%7D%2C+%22password%22%3A+%220000%22%7D&amp;mode=play&amp;logo_url=http%3A%2F%2Fportal.iptvprivateserver.tv%2Fstalker_portal%2Fmisc%2Flogos%2F320%2F589.png&quot;)</favourite>
     <favourite name="HBO East" thumb="http://portal.iptvprivateserver.tv/stalker_portal/misc/logos/320/1775.png">PlayMedia(&quot;plugin://plugin.video.stalker-rip/?tmp=1&amp;genre_name=%5B%27All%27%5D&amp;title=HBO+East&amp;cmd=ffrt2+http%3A%2F%2Flocalhost%2Fch%2F4765&amp;portal=%7B%22name%22%3A+%22NFPS%22%2C+%22parental%22%3A+%22true%22%2C+%22url%22%3A+%22http%3A%2F%2Fportal.iptvprivateserver.tv%22%2C+%22mac%22%3A+%2200%3A1A%3A79%3A11%3A11%3A11%22%2C+%22serial%22%3A+%7B%22custom%22%3A+false%7D%2C+%22password%22%3A+%220000%22%7D&amp;mode=play&amp;logo_url=http%3A%2F%2Fportal.iptvprivateserver.tv%2Fstalker_portal%2Fmisc%2Flogos%2F320%2F1775.png&quot;)</favourite>
     <favourite name="HBO Family East" thumb="http://portal.iptvprivateserver.tv/stalker_portal/misc/logos/320/1625.png">PlayMedia(&quot;plugin://plugin.video.stalker-rip/?tmp=1&amp;genre_name=%5B%27All%27%5D&amp;title=HBO+Family+East&amp;cmd=ffrt2+http%3A%2F%2Flocalhost%2Fch%2F4415&amp;portal=%7B%22name%22%3A+%22NFPS%22%2C+%22parental%22%3A+%22true%22%2C+%22url%22%3A+%22http%3A%2F%2Fportal.iptvprivateserver.tv%22%2C+%22mac%22%3A+%2200%3A1A%3A79%3A11%3A11%3A11%22%2C+%22serial%22%3A+%7B%22custom%22%3A+false%7D%2C+%22password%22%3A+%220000%22%7D&amp;mode=play&amp;logo_url=http%3A%2F%2Fportal.iptvprivateserver.tv%2Fstalker_portal%2Fmisc%2Flogos%2F320%2F1625.png&quot;)</favourite>
     <favourite name="HBO Signature East" thumb="http://portal.iptvprivateserver.tv/stalker_portal/misc/logos/320/545.png">PlayMedia(&quot;plugin://plugin.video.stalker-rip/?tmp=1&amp;genre_name=%5B%27All%27%5D&amp;title=HBO+Signature+East&amp;cmd=ffrt2+http%3A%2F%2Flocalhost%2Fch%2F959&amp;portal=%7B%22name%22%3A+%22NFPS%22%2C+%22parental%22%3A+%22true%22%2C+%22url%22%3A+%22http%3A%2F%2Fportal.iptvprivateserver.tv%22%2C+%22mac%22%3A+%2200%3A1A%3A79%3A11%3A11%3A11%22%2C+%22serial%22%3A+%7B%22custom%22%3A+false%7D%2C+%22password%22%3A+%220000%22%7D&amp;mode=play&amp;logo_url=http%3A%2F%2Fportal.iptvprivateserver.tv%2Fstalker_portal%2Fmisc%2Flogos%2F320%2F545.png&quot;)</favourite>
     <favourite name="HBO West" thumb="http://portal.iptvprivateserver.tv/stalker_portal/misc/logos/320/1777.png">PlayMedia(&quot;plugin://plugin.video.stalker-rip/?tmp=1&amp;genre_name=%5B%27All%27%5D&amp;title=HBO+West&amp;cmd=ffrt2+http%3A%2F%2Flocalhost%2Fch%2F4767&amp;portal=%7B%22name%22%3A+%22NFPS%22%2C+%22parental%22%3A+%22true%22%2C+%22url%22%3A+%22http%3A%2F%2Fportal.iptvprivateserver.tv%22%2C+%22mac%22%3A+%2200%3A1A%3A79%3A11%3A11%3A11%22%2C+%22serial%22%3A+%7B%22custom%22%3A+false%7D%2C+%22password%22%3A+%220000%22%7D&amp;mode=play&amp;logo_url=http%3A%2F%2Fportal.iptvprivateserver.tv%2Fstalker_portal%2Fmisc%2Flogos%2F320%2F1777.png&quot;)</favourite>
     <favourite name="HBO Zone" thumb="http://portal.iptvprivateserver.tv/stalker_portal/misc/logos/320/551.png">PlayMedia(&quot;plugin://plugin.video.stalker-rip/?tmp=1&amp;genre_name=%5B%27All%27%5D&amp;title=HBO+Zone&amp;cmd=ffrt2+http%3A%2F%2Flocalhost%2Fch%2F965&amp;portal=%7B%22name%22%3A+%22NFPS%22%2C+%22parental%22%3A+%22true%22%2C+%22url%22%3A+%22http%3A%2F%2Fportal.iptvprivateserver.tv%22%2C+%22mac%22%3A+%2200%3A1A%3A79%3A11%3A11%3A11%22%2C+%22serial%22%3A+%7B%22custom%22%3A+false%7D%2C+%22password%22%3A+%220000%22%7D&amp;mode=play&amp;logo_url=http%3A%2F%2Fportal.iptvprivateserver.tv%2Fstalker_portal%2Fmisc%2Flogos%2F320%2F551.png&quot;)</favourite>
     <favourite name="MAX" thumb="http://portal.iptvprivateserver.tv/stalker_portal/misc/logos/320/203.png">PlayMedia(&quot;plugin://plugin.video.stalker-rip/?tmp=1&amp;genre_name=%5B%27All%27%5D&amp;title=MAX&amp;cmd=ffrt2+http%3A%2F%2Flocalhost%2Fch%2F381&amp;portal=%7B%22name%22%3A+%22NFPS%22%2C+%22parental%22%3A+%22true%22%2C+%22url%22%3A+%22http%3A%2F%2Fportal.iptvprivateserver.tv%22%2C+%22mac%22%3A+%2200%3A1A%3A79%3A11%3A11%3A11%22%2C+%22serial%22%3A+%7B%22custom%22%3A+false%7D%2C+%22password%22%3A+%220000%22%7D&amp;mode=play&amp;logo_url=http%3A%2F%2Fportal.iptvprivateserver.tv%2Fstalker_portal%2Fmisc%2Flogos%2F320%2F203.png&quot;)</favourite>
     <favourite name="Showtime 2 East" thumb="http://portal.iptvprivateserver.tv/stalker_portal/misc/logos/320/557.png">PlayMedia(&quot;plugin://plugin.video.stalker-rip/?tmp=1&amp;genre_name=%5B%27All%27%5D&amp;title=Showtime+2+East&amp;cmd=ffrt2+http%3A%2F%2Flocalhost%2Fch%2F971&amp;portal=%7B%22name%22%3A+%22NFPS%22%2C+%22parental%22%3A+%22true%22%2C+%22url%22%3A+%22http%3A%2F%2Fportal.iptvprivateserver.tv%22%2C+%22mac%22%3A+%2200%3A1A%3A79%3A11%3A11%3A11%22%2C+%22serial%22%3A+%7B%22custom%22%3A+false%7D%2C+%22password%22%3A+%220000%22%7D&amp;mode=play&amp;logo_url=http%3A%2F%2Fportal.iptvprivateserver.tv%2Fstalker_portal%2Fmisc%2Flogos%2F320%2F557.png&quot;)</favourite>
     <favourite name="Showtime Beyond East" thumb="http://portal.iptvprivateserver.tv/stalker_portal/misc/logos/320/561.png">PlayMedia(&quot;plugin://plugin.video.stalker-rip/?tmp=1&amp;genre_name=%5B%27All%27%5D&amp;title=Showtime+Beyond+East&amp;cmd=ffrt2+http%3A%2F%2Flocalhost%2Fch%2F975&amp;portal=%7B%22name%22%3A+%22NFPS%22%2C+%22parental%22%3A+%22true%22%2C+%22url%22%3A+%22http%3A%2F%2Fportal.iptvprivateserver.tv%22%2C+%22mac%22%3A+%2200%3A1A%3A79%3A11%3A11%3A11%22%2C+%22serial%22%3A+%7B%22custom%22%3A+false%7D%2C+%22password%22%3A+%220000%22%7D&amp;mode=play&amp;logo_url=http%3A%2F%2Fportal.iptvprivateserver.tv%2Fstalker_portal%2Fmisc%2Flogos%2F320%2F561.png&quot;)</favourite>
     <favourite name="Showtime East" thumb="http://portal.iptvprivateserver.tv/stalker_portal/misc/logos/320/15.png">PlayMedia(&quot;plugin://plugin.video.stalker-rip/?tmp=1&amp;genre_name=%5B%27All%27%5D&amp;title=Showtime+East&amp;cmd=ffrt2+http%3A%2F%2Flocalhost%2Fch%2F218&amp;portal=%7B%22name%22%3A+%22NFPS%22%2C+%22parental%22%3A+%22true%22%2C+%22url%22%3A+%22http%3A%2F%2Fportal.iptvprivateserver.tv%22%2C+%22mac%22%3A+%2200%3A1A%3A79%3A11%3A11%3A11%22%2C+%22serial%22%3A+%7B%22custom%22%3A+false%7D%2C+%22password%22%3A+%220000%22%7D&amp;mode=play&amp;logo_url=http%3A%2F%2Fportal.iptvprivateserver.tv%2Fstalker_portal%2Fmisc%2Flogos%2F320%2F15.png&quot;)</favourite>
     <favourite name="Showtime Extreme East" thumb="http://portal.iptvprivateserver.tv/stalker_portal/misc/logos/320/559.png">PlayMedia(&quot;plugin://plugin.video.stalker-rip/?tmp=1&amp;genre_name=%5B%27All%27%5D&amp;title=Showtime+Extreme+East&amp;cmd=ffrt2+http%3A%2F%2Flocalhost%2Fch%2F973&amp;portal=%7B%22name%22%3A+%22NFPS%22%2C+%22parental%22%3A+%22true%22%2C+%22url%22%3A+%22http%3A%2F%2Fportal.iptvprivateserver.tv%22%2C+%22mac%22%3A+%2200%3A1A%3A79%3A11%3A11%3A11%22%2C+%22serial%22%3A+%7B%22custom%22%3A+false%7D%2C+%22password%22%3A+%220000%22%7D&amp;mode=play&amp;logo_url=http%3A%2F%2Fportal.iptvprivateserver.tv%2Fstalker_portal%2Fmisc%2Flogos%2F320%2F559.png&quot;)</favourite>
     <favourite name="Showtime Next" thumb="http://portal.iptvprivateserver.tv/stalker_portal/misc/logos/320/667.png">PlayMedia(&quot;plugin://plugin.video.stalker-rip/?tmp=1&amp;genre_name=%5B%27All%27%5D&amp;title=Showtime+Next&amp;cmd=ffrt2+http%3A%2F%2Flocalhost%2Fch%2F1097&amp;portal=%7B%22name%22%3A+%22NFPS%22%2C+%22parental%22%3A+%22true%22%2C+%22url%22%3A+%22http%3A%2F%2Fportal.iptvprivateserver.tv%22%2C+%22mac%22%3A+%2200%3A1A%3A79%3A11%3A11%3A11%22%2C+%22serial%22%3A+%7B%22custom%22%3A+false%7D%2C+%22password%22%3A+%220000%22%7D&amp;mode=play&amp;logo_url=http%3A%2F%2Fportal.iptvprivateserver.tv%2Fstalker_portal%2Fmisc%2Flogos%2F320%2F667.png&quot;)</favourite>
     <favourite name="Showtime Showcase East" thumb="http://portal.iptvprivateserver.tv/stalker_portal/misc/logos/320/659.png">PlayMedia(&quot;plugin://plugin.video.stalker-rip/?tmp=1&amp;genre_name=%5B%27All%27%5D&amp;title=Showtime+Showcase+East&amp;cmd=ffrt2+http%3A%2F%2Flocalhost%2Fch%2F1085&amp;portal=%7B%22name%22%3A+%22NFPS%22%2C+%22parental%22%3A+%22true%22%2C+%22url%22%3A+%22http%3A%2F%2Fportal.iptvprivateserver.tv%22%2C+%22mac%22%3A+%2200%3A1A%3A79%3A11%3A11%3A11%22%2C+%22serial%22%3A+%7B%22custom%22%3A+false%7D%2C+%22password%22%3A+%220000%22%7D&amp;mode=play&amp;logo_url=http%3A%2F%2Fportal.iptvprivateserver.tv%2Fstalker_portal%2Fmisc%2Flogos%2F320%2F659.png&quot;)</favourite>
     <favourite name="Showtime West" thumb="http://portal.iptvprivateserver.tv/stalker_portal/misc/logos/320/555.png">PlayMedia(&quot;plugin://plugin.video.stalker-rip/?tmp=1&amp;genre_name=%5B%27All%27%5D&amp;title=Showtime+West&amp;cmd=ffrt2+http%3A%2F%2Flocalhost%2Fch%2F969&amp;portal=%7B%22name%22%3A+%22NFPS%22%2C+%22parental%22%3A+%22true%22%2C+%22url%22%3A+%22http%3A%2F%2Fportal.iptvprivateserver.tv%22%2C+%22mac%22%3A+%2200%3A1A%3A79%3A11%3A11%3A11%22%2C+%22serial%22%3A+%7B%22custom%22%3A+false%7D%2C+%22password%22%3A+%220000%22%7D&amp;mode=play&amp;logo_url=http%3A%2F%2Fportal.iptvprivateserver.tv%2Fstalker_portal%2Fmisc%2Flogos%2F320%2F555.png&quot;)</favourite>
     <favourite name="SKY Action &amp; Adventure" thumb="http://portal.iptvprivateserver.tv/stalker_portal/misc/logos/320/72.png">PlayMedia(&quot;plugin://plugin.video.stalker-rip/?tmp=1&amp;genre_name=%5B%27All%27%5D&amp;title=SKY+Action+%26+Adventure&amp;cmd=ffrt2+http%3A%2F%2Flocalhost%2Fch%2F527&amp;portal=%7B%22name%22%3A+%22NFPS%22%2C+%22parental%22%3A+%22true%22%2C+%22url%22%3A+%22http%3A%2F%2Fportal.iptvprivateserver.tv%22%2C+%22mac%22%3A+%2200%3A1A%3A79%3A11%3A11%3A11%22%2C+%22serial%22%3A+%7B%22custom%22%3A+false%7D%2C+%22password%22%3A+%220000%22%7D&amp;mode=play&amp;logo_url=http%3A%2F%2Fportal.iptvprivateserver.tv%2Fstalker_portal%2Fmisc%2Flogos%2F320%2F72.png&quot;)</favourite>
     <favourite name="SKY Atlantic" thumb="http://portal.iptvprivateserver.tv/stalker_portal/misc/logos/320/1419.png">PlayMedia(&quot;plugin://plugin.video.stalker-rip/?tmp=1&amp;genre_name=%5B%27All%27%5D&amp;title=SKY+Atlantic&amp;cmd=ffrt2+http%3A%2F%2Flocalhost%2Fch%2F2855&amp;portal=%7B%22name%22%3A+%22NFPS%22%2C+%22parental%22%3A+%22true%22%2C+%22url%22%3A+%22http%3A%2F%2Fportal.iptvprivateserver.tv%22%2C+%22mac%22%3A+%2200%3A1A%3A79%3A11%3A11%3A11%22%2C+%22serial%22%3A+%7B%22custom%22%3A+false%7D%2C+%22password%22%3A+%220000%22%7D&amp;mode=play&amp;logo_url=http%3A%2F%2Fportal.iptvprivateserver.tv%2Fstalker_portal%2Fmisc%2Flogos%2F320%2F1419.png&quot;)</favourite>
     <favourite name="SKY Comedy" thumb="http://portal.iptvprivateserver.tv/stalker_portal/misc/logos/320/74.png">PlayMedia(&quot;plugin://plugin.video.stalker-rip/?tmp=1&amp;genre_name=%5B%27All%27%5D&amp;title=SKY+Comedy&amp;cmd=ffrt2+http%3A%2F%2Flocalhost%2Fch%2F529&amp;portal=%7B%22name%22%3A+%22NFPS%22%2C+%22parental%22%3A+%22true%22%2C+%22url%22%3A+%22http%3A%2F%2Fportal.iptvprivateserver.tv%22%2C+%22mac%22%3A+%2200%3A1A%3A79%3A11%3A11%3A11%22%2C+%22serial%22%3A+%7B%22custom%22%3A+false%7D%2C+%22password%22%3A+%220000%22%7D&amp;mode=play&amp;logo_url=http%3A%2F%2Fportal.iptvprivateserver.tv%2Fstalker_portal%2Fmisc%2Flogos%2F320%2F74.png&quot;)</favourite>
     <favourite name="SKY Crime &amp; Thriller" thumb="http://portal.iptvprivateserver.tv/stalker_portal/misc/logos/320/76.png">PlayMedia(&quot;plugin://plugin.video.stalker-rip/?tmp=1&amp;genre_name=%5B%27All%27%5D&amp;title=SKY+Crime+%26+Thriller&amp;cmd=ffrt2+http%3A%2F%2Flocalhost%2Fch%2F531&amp;portal=%7B%22name%22%3A+%22NFPS%22%2C+%22parental%22%3A+%22true%22%2C+%22url%22%3A+%22http%3A%2F%2Fportal.iptvprivateserver.tv%22%2C+%22mac%22%3A+%2200%3A1A%3A79%3A11%3A11%3A11%22%2C+%22serial%22%3A+%7B%22custom%22%3A+false%7D%2C+%22password%22%3A+%220000%22%7D&amp;mode=play&amp;logo_url=http%3A%2F%2Fportal.iptvprivateserver.tv%2Fstalker_portal%2Fmisc%2Flogos%2F320%2F76.png&quot;)</favourite>
     <favourite name="SKY Disney" thumb="http://portal.iptvprivateserver.tv/stalker_portal/misc/logos/320/68.png">PlayMedia(&quot;plugin://plugin.video.stalker-rip/?tmp=1&amp;genre_name=%5B%27All%27%5D&amp;title=SKY+Disney&amp;cmd=ffrt2+http%3A%2F%2Flocalhost%2Fch%2F523&amp;portal=%7B%22name%22%3A+%22NFPS%22%2C+%22parental%22%3A+%22true%22%2C+%22url%22%3A+%22http%3A%2F%2Fportal.iptvprivateserver.tv%22%2C+%22mac%22%3A+%2200%3A1A%3A79%3A11%3A11%3A11%22%2C+%22serial%22%3A+%7B%22custom%22%3A+false%7D%2C+%22password%22%3A+%220000%22%7D&amp;mode=play&amp;logo_url=http%3A%2F%2Fportal.iptvprivateserver.tv%2Fstalker_portal%2Fmisc%2Flogos%2F320%2F68.png&quot;)</favourite>
     <favourite name="SKY Family" thumb="http://portal.iptvprivateserver.tv/stalker_portal/misc/logos/320/70.png">PlayMedia(&quot;plugin://plugin.video.stalker-rip/?tmp=1&amp;genre_name=%5B%27All%27%5D&amp;title=SKY+Family&amp;cmd=ffrt2+http%3A%2F%2Flocalhost%2Fch%2F525&amp;portal=%7B%22name%22%3A+%22NFPS%22%2C+%22parental%22%3A+%22true%22%2C+%22url%22%3A+%22http%3A%2F%2Fportal.iptvprivateserver.tv%22%2C+%22mac%22%3A+%2200%3A1A%3A79%3A11%3A11%3A11%22%2C+%22serial%22%3A+%7B%22custom%22%3A+false%7D%2C+%22password%22%3A+%220000%22%7D&amp;mode=play&amp;logo_url=http%3A%2F%2Fportal.iptvprivateserver.tv%2Fstalker_portal%2Fmisc%2Flogos%2F320%2F70.png&quot;)</favourite>
     <favourite name="SKY Living" thumb="http://portal.iptvprivateserver.tv/stalker_portal/misc/logos/320/1409.png">PlayMedia(&quot;plugin://plugin.video.stalker-rip/?tmp=1&amp;genre_name=%5B%27All%27%5D&amp;title=SKY+Living&amp;cmd=ffrt2+http%3A%2F%2Flocalhost%2Fch%2F2845&amp;portal=%7B%22name%22%3A+%22NFPS%22%2C+%22parental%22%3A+%22true%22%2C+%22url%22%3A+%22http%3A%2F%2Fportal.iptvprivateserver.tv%22%2C+%22mac%22%3A+%2200%3A1A%3A79%3A11%3A11%3A11%22%2C+%22serial%22%3A+%7B%22custom%22%3A+false%7D%2C+%22password%22%3A+%220000%22%7D&amp;mode=play&amp;logo_url=http%3A%2F%2Fportal.iptvprivateserver.tv%2Fstalker_portal%2Fmisc%2Flogos%2F320%2F1409.png&quot;)</favourite>
     <favourite name="SKY Modern Greats" thumb="http://portal.iptvprivateserver.tv/stalker_portal/misc/logos/320/257.png">PlayMedia(&quot;plugin://plugin.video.stalker-rip/?tmp=1&amp;genre_name=%5B%27All%27%5D&amp;title=SKY+Modern+Greats&amp;cmd=ffrt2+http%3A%2F%2Flocalhost%2Fch%2F3301&amp;portal=%7B%22name%22%3A+%22NFPS%22%2C+%22parental%22%3A+%22true%22%2C+%22url%22%3A+%22http%3A%2F%2Fportal.iptvprivateserver.tv%22%2C+%22mac%22%3A+%2200%3A1A%3A79%3A11%3A11%3A11%22%2C+%22serial%22%3A+%7B%22custom%22%3A+false%7D%2C+%22password%22%3A+%220000%22%7D&amp;mode=play&amp;logo_url=http%3A%2F%2Fportal.iptvprivateserver.tv%2Fstalker_portal%2Fmisc%2Flogos%2F320%2F257.png&quot;)</favourite>
     <favourite name="SKY Movies Drama" thumb="http://portal.iptvprivateserver.tv/stalker_portal/misc/logos/320/259.png">PlayMedia(&quot;plugin://plugin.video.stalker-rip/?tmp=1&amp;genre_name=%5B%27All%27%5D&amp;title=SKY+Movies+Drama&amp;cmd=ffrt2+http%3A%2F%2Flocalhost%2Fch%2F545&amp;portal=%7B%22name%22%3A+%22NFPS%22%2C+%22parental%22%3A+%22true%22%2C+%22url%22%3A+%22http%3A%2F%2Fportal.iptvprivateserver.tv%22%2C+%22mac%22%3A+%2200%3A1A%3A79%3A11%3A11%3A11%22%2C+%22serial%22%3A+%7B%22custom%22%3A+false%7D%2C+%22password%22%3A+%220000%22%7D&amp;mode=play&amp;logo_url=http%3A%2F%2Fportal.iptvprivateserver.tv%2Fstalker_portal%2Fmisc%2Flogos%2F320%2F259.png&quot;)</favourite>
     <favourite name="SKY News" thumb="http://portal.iptvprivateserver.tv/stalker_portal/misc/logos/320/249.png">PlayMedia(&quot;plugin://plugin.video.stalker-rip/?tmp=1&amp;genre_name=%5B%27All%27%5D&amp;title=SKY+News&amp;cmd=ffrt2+http%3A%2F%2Flocalhost%2Fch%2F493&amp;portal=%7B%22name%22%3A+%22NFPS%22%2C+%22parental%22%3A+%22true%22%2C+%22url%22%3A+%22http%3A%2F%2Fportal.iptvprivateserver.tv%22%2C+%22mac%22%3A+%2200%3A1A%3A79%3A11%3A11%3A11%22%2C+%22serial%22%3A+%7B%22custom%22%3A+false%7D%2C+%22password%22%3A+%220000%22%7D&amp;mode=play&amp;logo_url=http%3A%2F%2Fportal.iptvprivateserver.tv%2Fstalker_portal%2Fmisc%2Flogos%2F320%2F249.png&quot;)</favourite>
     <favourite name="SKY One" thumb="http://portal.iptvprivateserver.tv/stalker_portal/misc/logos/320/1417.png">PlayMedia(&quot;plugin://plugin.video.stalker-rip/?tmp=1&amp;genre_name=%5B%27All%27%5D&amp;title=SKY+One&amp;cmd=ffrt2+http%3A%2F%2Flocalhost%2Fch%2F4662&amp;portal=%7B%22name%22%3A+%22NFPS%22%2C+%22parental%22%3A+%22true%22%2C+%22url%22%3A+%22http%3A%2F%2Fportal.iptvprivateserver.tv%22%2C+%22mac%22%3A+%2200%3A1A%3A79%3A11%3A11%3A11%22%2C+%22serial%22%3A+%7B%22custom%22%3A+false%7D%2C+%22password%22%3A+%220000%22%7D&amp;mode=play&amp;logo_url=http%3A%2F%2Fportal.iptvprivateserver.tv%2Fstalker_portal%2Fmisc%2Flogos%2F320%2F1417.png&quot;)</favourite>
     <favourite name="SKY Premiere" thumb="http://portal.iptvprivateserver.tv/stalker_portal/misc/logos/320/66.png">PlayMedia(&quot;plugin://plugin.video.stalker-rip/?tmp=1&amp;genre_name=%5B%27All%27%5D&amp;title=SKY+Premiere&amp;cmd=ffrt2+http%3A%2F%2Flocalhost%2Fch%2F521&amp;portal=%7B%22name%22%3A+%22NFPS%22%2C+%22parental%22%3A+%22true%22%2C+%22url%22%3A+%22http%3A%2F%2Fportal.iptvprivateserver.tv%22%2C+%22mac%22%3A+%2200%3A1A%3A79%3A11%3A11%3A11%22%2C+%22serial%22%3A+%7B%22custom%22%3A+false%7D%2C+%22password%22%3A+%220000%22%7D&amp;mode=play&amp;logo_url=http%3A%2F%2Fportal.iptvprivateserver.tv%2Fstalker_portal%2Fmisc%2Flogos%2F320%2F66.png&quot;)</favourite>
     <favourite name="SKY Scifi &amp; Horror" thumb="http://portal.iptvprivateserver.tv/stalker_portal/misc/logos/320/78.png">PlayMedia(&quot;plugin://plugin.video.stalker-rip/?tmp=1&amp;genre_name=%5B%27All%27%5D&amp;title=SKY+Scifi+%26+Horror&amp;cmd=ffrt2+http%3A%2F%2Flocalhost%2Fch%2F533&amp;portal=%7B%22name%22%3A+%22NFPS%22%2C+%22parental%22%3A+%22true%22%2C+%22url%22%3A+%22http%3A%2F%2Fportal.iptvprivateserver.tv%22%2C+%22mac%22%3A+%2200%3A1A%3A79%3A11%3A11%3A11%22%2C+%22serial%22%3A+%7B%22custom%22%3A+false%7D%2C+%22password%22%3A+%220000%22%7D&amp;mode=play&amp;logo_url=http%3A%2F%2Fportal.iptvprivateserver.tv%2Fstalker_portal%2Fmisc%2Flogos%2F320%2F78.png&quot;)</favourite>
     <favourite name="SKY Select" thumb="http://portal.iptvprivateserver.tv/stalker_portal/misc/logos/320/80.png">PlayMedia(&quot;plugin://plugin.video.stalker-rip/?tmp=1&amp;genre_name=%5B%27All%27%5D&amp;title=SKY+Select&amp;cmd=ffrt2+http%3A%2F%2Flocalhost%2Fch%2F535&amp;portal=%7B%22name%22%3A+%22NFPS%22%2C+%22parental%22%3A+%22true%22%2C+%22url%22%3A+%22http%3A%2F%2Fportal.iptvprivateserver.tv%22%2C+%22mac%22%3A+%2200%3A1A%3A79%3A11%3A11%3A11%22%2C+%22serial%22%3A+%7B%22custom%22%3A+false%7D%2C+%22password%22%3A+%220000%22%7D&amp;mode=play&amp;logo_url=http%3A%2F%2Fportal.iptvprivateserver.tv%2Fstalker_portal%2Fmisc%2Flogos%2F320%2F80.png&quot;)</favourite>
     <favourite name="Sony Movie Channel USA" thumb="http://portal.iptvprivateserver.tv/stalker_portal/misc/logos/320/671.png">PlayMedia(&quot;plugin://plugin.video.stalker-rip/?tmp=1&amp;genre_name=%5B%27All%27%5D&amp;title=Sony+Movie+Channel+USA&amp;cmd=ffrt2+http%3A%2F%2Flocalhost%2Fch%2F1101&amp;portal=%7B%22name%22%3A+%22NFPS%22%2C+%22parental%22%3A+%22true%22%2C+%22url%22%3A+%22http%3A%2F%2Fportal.iptvprivateserver.tv%22%2C+%22mac%22%3A+%2200%3A1A%3A79%3A11%3A11%3A11%22%2C+%22serial%22%3A+%7B%22custom%22%3A+false%7D%2C+%22password%22%3A+%220000%22%7D&amp;mode=play&amp;logo_url=http%3A%2F%2Fportal.iptvprivateserver.tv%2Fstalker_portal%2Fmisc%2Flogos%2F320%2F671.png&quot;)</favourite>
     <favourite name="Starz Cinema East" thumb="http://portal.iptvprivateserver.tv/stalker_portal/misc/logos/320/573.png">PlayMedia(&quot;plugin://plugin.video.stalker-rip/?tmp=1&amp;genre_name=%5B%27All%27%5D&amp;title=Starz+Cinema+East&amp;cmd=ffrt2+http%3A%2F%2Flocalhost%2Fch%2F985&amp;portal=%7B%22name%22%3A+%22NFPS%22%2C+%22parental%22%3A+%22true%22%2C+%22url%22%3A+%22http%3A%2F%2Fportal.iptvprivateserver.tv%22%2C+%22mac%22%3A+%2200%3A1A%3A79%3A11%3A11%3A11%22%2C+%22serial%22%3A+%7B%22custom%22%3A+false%7D%2C+%22password%22%3A+%220000%22%7D&amp;mode=play&amp;logo_url=http%3A%2F%2Fportal.iptvprivateserver.tv%2Fstalker_portal%2Fmisc%2Flogos%2F320%2F573.png&quot;)</favourite>
     <favourite name="Starz Comedy East" thumb="http://portal.iptvprivateserver.tv/stalker_portal/misc/logos/320/575.png">PlayMedia(&quot;plugin://plugin.video.stalker-rip/?tmp=1&amp;genre_name=%5B%27All%27%5D&amp;title=Starz+Comedy+East&amp;cmd=ffrt2+http%3A%2F%2Flocalhost%2Fch%2F987&amp;portal=%7B%22name%22%3A+%22NFPS%22%2C+%22parental%22%3A+%22true%22%2C+%22url%22%3A+%22http%3A%2F%2Fportal.iptvprivateserver.tv%22%2C+%22mac%22%3A+%2200%3A1A%3A79%3A11%3A11%3A11%22%2C+%22serial%22%3A+%7B%22custom%22%3A+false%7D%2C+%22password%22%3A+%220000%22%7D&amp;mode=play&amp;logo_url=http%3A%2F%2Fportal.iptvprivateserver.tv%2Fstalker_portal%2Fmisc%2Flogos%2F320%2F575.png&quot;)</favourite>
     <favourite name="Starz East" thumb="http://portal.iptvprivateserver.tv/stalker_portal/misc/logos/320/23.png">PlayMedia(&quot;plugin://plugin.video.stalker-rip/?tmp=1&amp;genre_name=%5B%27All%27%5D&amp;title=Starz+East&amp;cmd=ffrt2+http%3A%2F%2Flocalhost%2Fch%2F224&amp;portal=%7B%22name%22%3A+%22NFPS%22%2C+%22parental%22%3A+%22true%22%2C+%22url%22%3A+%22http%3A%2F%2Fportal.iptvprivateserver.tv%22%2C+%22mac%22%3A+%2200%3A1A%3A79%3A11%3A11%3A11%22%2C+%22serial%22%3A+%7B%22custom%22%3A+false%7D%2C+%22password%22%3A+%220000%22%7D&amp;mode=play&amp;logo_url=http%3A%2F%2Fportal.iptvprivateserver.tv%2Fstalker_portal%2Fmisc%2Flogos%2F320%2F23.png&quot;)</favourite>
     <favourite name="Starz Edge East" thumb="http://portal.iptvprivateserver.tv/stalker_portal/misc/logos/320/571.png">PlayMedia(&quot;plugin://plugin.video.stalker-rip/?tmp=1&amp;genre_name=%5B%27All%27%5D&amp;title=Starz+Edge+East&amp;cmd=ffrt2+http%3A%2F%2Flocalhost%2Fch%2F983&amp;portal=%7B%22name%22%3A+%22NFPS%22%2C+%22parental%22%3A+%22true%22%2C+%22url%22%3A+%22http%3A%2F%2Fportal.iptvprivateserver.tv%22%2C+%22mac%22%3A+%2200%3A1A%3A79%3A11%3A11%3A11%22%2C+%22serial%22%3A+%7B%22custom%22%3A+false%7D%2C+%22password%22%3A+%220000%22%7D&amp;mode=play&amp;logo_url=http%3A%2F%2Fportal.iptvprivateserver.tv%2Fstalker_portal%2Fmisc%2Flogos%2F320%2F571.png&quot;)</favourite>
     <favourite name="Starz In Black East" thumb="http://portal.iptvprivateserver.tv/stalker_portal/misc/logos/320/577.png">PlayMedia(&quot;plugin://plugin.video.stalker-rip/?tmp=1&amp;genre_name=%5B%27All%27%5D&amp;title=Starz+In+Black+East&amp;cmd=ffrt2+http%3A%2F%2Flocalhost%2Fch%2F989&amp;portal=%7B%22name%22%3A+%22NFPS%22%2C+%22parental%22%3A+%22true%22%2C+%22url%22%3A+%22http%3A%2F%2Fportal.iptvprivateserver.tv%22%2C+%22mac%22%3A+%2200%3A1A%3A79%3A11%3A11%3A11%22%2C+%22serial%22%3A+%7B%22custom%22%3A+false%7D%2C+%22password%22%3A+%220000%22%7D&amp;mode=play&amp;logo_url=http%3A%2F%2Fportal.iptvprivateserver.tv%2Fstalker_portal%2Fmisc%2Flogos%2F320%2F577.png&quot;)</favourite>
     <favourite name="Starz Kids &amp; Family East" thumb="http://portal.iptvprivateserver.tv/stalker_portal/misc/logos/320/669.png">PlayMedia(&quot;plugin://plugin.video.stalker-rip/?tmp=1&amp;genre_name=%5B%27All%27%5D&amp;title=Starz+Kids+%26+Family+East&amp;cmd=ffrt2+http%3A%2F%2Flocalhost%2Fch%2F1099&amp;portal=%7B%22name%22%3A+%22NFPS%22%2C+%22parental%22%3A+%22true%22%2C+%22url%22%3A+%22http%3A%2F%2Fportal.iptvprivateserver.tv%22%2C+%22mac%22%3A+%2200%3A1A%3A79%3A11%3A11%3A11%22%2C+%22serial%22%3A+%7B%22custom%22%3A+false%7D%2C+%22password%22%3A+%220000%22%7D&amp;mode=play&amp;logo_url=http%3A%2F%2Fportal.iptvprivateserver.tv%2Fstalker_portal%2Fmisc%2Flogos%2F320%2F669.png&quot;)</favourite>
     <favourite name="Starz West" thumb="http://portal.iptvprivateserver.tv/stalker_portal/misc/logos/320/569.png">PlayMedia(&quot;plugin://plugin.video.stalker-rip/?tmp=1&amp;genre_name=%5B%27All%27%5D&amp;title=Starz+West&amp;cmd=ffrt2+http%3A%2F%2Flocalhost%2Fch%2F981&amp;portal=%7B%22name%22%3A+%22NFPS%22%2C+%22parental%22%3A+%22true%22%2C+%22url%22%3A+%22http%3A%2F%2Fportal.iptvprivateserver.tv%22%2C+%22mac%22%3A+%2200%3A1A%3A79%3A11%3A11%3A11%22%2C+%22serial%22%3A+%7B%22custom%22%3A+false%7D%2C+%22password%22%3A+%220000%22%7D&amp;mode=play&amp;logo_url=http%3A%2F%2Fportal.iptvprivateserver.tv%2Fstalker_portal%2Fmisc%2Flogos%2F320%2F569.png&quot;)</favourite>
     <favourite name="Studio Universal" thumb="http://portal.iptvprivateserver.tv/stalker_portal/misc/logos/320/167.png">PlayMedia(&quot;plugin://plugin.video.stalker-rip/?tmp=1&amp;genre_name=%5B%27All%27%5D&amp;title=Studio+Universal&amp;cmd=ffrt2+http%3A%2F%2Flocalhost%2Fch%2F345&amp;portal=%7B%22name%22%3A+%22NFPS%22%2C+%22parental%22%3A+%22true%22%2C+%22url%22%3A+%22http%3A%2F%2Fportal.iptvprivateserver.tv%22%2C+%22mac%22%3A+%2200%3A1A%3A79%3A11%3A11%3A11%22%2C+%22serial%22%3A+%7B%22custom%22%3A+false%7D%2C+%22password%22%3A+%220000%22%7D&amp;mode=play&amp;logo_url=http%3A%2F%2Fportal.iptvprivateserver.tv%2Fstalker_portal%2Fmisc%2Flogos%2F320%2F167.png&quot;)</favourite>
     <favourite name="TCM US" thumb="http://portal.iptvprivateserver.tv/stalker_portal/misc/logos/320/675.png">PlayMedia(&quot;plugin://plugin.video.stalker-rip/?tmp=1&amp;genre_name=%5B%27All%27%5D&amp;title=TCM+US&amp;cmd=ffrt2+http%3A%2F%2Flocalhost%2Fch%2F1105&amp;portal=%7B%22name%22%3A+%22NFPS%22%2C+%22parental%22%3A+%22true%22%2C+%22url%22%3A+%22http%3A%2F%2Fportal.iptvprivateserver.tv%22%2C+%22mac%22%3A+%2200%3A1A%3A79%3A11%3A11%3A11%22%2C+%22serial%22%3A+%7B%22custom%22%3A+false%7D%2C+%22password%22%3A+%220000%22%7D&amp;mode=play&amp;logo_url=http%3A%2F%2Fportal.iptvprivateserver.tv%2Fstalker_portal%2Fmisc%2Flogos%2F320%2F675.png&quot;)</favourite>
     <favourite name="The Movie Channel East" thumb="http://portal.iptvprivateserver.tv/stalker_portal/misc/logos/320/24.png">PlayMedia(&quot;plugin://plugin.video.stalker-rip/?tmp=1&amp;genre_name=%5B%27All%27%5D&amp;title=The+Movie+Channel+East&amp;cmd=ffrt2+http%3A%2F%2Flocalhost%2Fch%2F220&amp;portal=%7B%22name%22%3A+%22NFPS%22%2C+%22parental%22%3A+%22true%22%2C+%22url%22%3A+%22http%3A%2F%2Fportal.iptvprivateserver.tv%22%2C+%22mac%22%3A+%2200%3A1A%3A79%3A11%3A11%3A11%22%2C+%22serial%22%3A+%7B%22custom%22%3A+false%7D%2C+%22password%22%3A+%220000%22%7D&amp;mode=play&amp;logo_url=http%3A%2F%2Fportal.iptvprivateserver.tv%2Fstalker_portal%2Fmisc%2Flogos%2F320%2F24.png&quot;)</favourite>
     <favourite name="The Movie Channel Xtra East" thumb="http://portal.iptvprivateserver.tv/stalker_portal/misc/logos/320/563.png">PlayMedia(&quot;plugin://plugin.video.stalker-rip/?tmp=1&amp;genre_name=%5B%27All%27%5D&amp;title=The+Movie+Channel+Xtra+East&amp;cmd=ffrt2+http%3A%2F%2Flocalhost%2Fch%2F1009&amp;portal=%7B%22name%22%3A+%22NFPS%22%2C+%22parental%22%3A+%22true%22%2C+%22url%22%3A+%22http%3A%2F%2Fportal.iptvprivateserver.tv%22%2C+%22mac%22%3A+%2200%3A1A%3A79%3A11%3A11%3A11%22%2C+%22serial%22%3A+%7B%22custom%22%3A+false%7D%2C+%22password%22%3A+%220000%22%7D&amp;mode=play&amp;logo_url=http%3A%2F%2Fportal.iptvprivateserver.tv%2Fstalker_portal%2Fmisc%2Flogos%2F320%2F563.png&quot;)</favourite>
     <favourite name="ThrillerMax East" thumb="http://portal.iptvprivateserver.tv/stalker_portal/misc/logos/320/1297.png">PlayMedia(&quot;plugin://plugin.video.stalker-rip/?tmp=1&amp;genre_name=%5B%27All%27%5D&amp;title=ThrillerMax+East&amp;cmd=ffrt2+http%3A%2F%2Flocalhost%2Fch%2F2533&amp;portal=%7B%22name%22%3A+%22NFPS%22%2C+%22parental%22%3A+%22true%22%2C+%22url%22%3A+%22http%3A%2F%2Fportal.iptvprivateserver.tv%22%2C+%22mac%22%3A+%2200%3A1A%3A79%3A11%3A11%3A11%22%2C+%22serial%22%3A+%7B%22custom%22%3A+false%7D%2C+%22password%22%3A+%220000%22%7D&amp;mode=play&amp;logo_url=http%3A%2F%2Fportal.iptvprivateserver.tv%2Fstalker_portal%2Fmisc%2Flogos%2F320%2F1297.png&quot;)</favourite>
     <favourite name="True Movies 1" thumb="http://portal.iptvprivateserver.tv/stalker_portal/misc/logos/320/443.png">PlayMedia(&quot;plugin://plugin.video.stalker-rip/?tmp=1&amp;genre_name=%5B%27All%27%5D&amp;title=True+Movies+1&amp;cmd=ffrt2+http%3A%2F%2Flocalhost%2Fch%2F2453&amp;portal=%7B%22name%22%3A+%22NFPS%22%2C+%22parental%22%3A+%22true%22%2C+%22url%22%3A+%22http%3A%2F%2Fportal.iptvprivateserver.tv%22%2C+%22mac%22%3A+%2200%3A1A%3A79%3A11%3A11%3A11%22%2C+%22serial%22%3A+%7B%22custom%22%3A+false%7D%2C+%22password%22%3A+%220000%22%7D&amp;mode=play&amp;logo_url=http%3A%2F%2Fportal.iptvprivateserver.tv%2Fstalker_portal%2Fmisc%2Flogos%2F320%2F443.png&quot;)</favourite>
     <favourite name="True Movies 2" thumb="http://portal.iptvprivateserver.tv/stalker_portal/misc/logos/320/261.png">PlayMedia(&quot;plugin://plugin.video.stalker-rip/?tmp=1&amp;genre_name=%5B%27All%27%5D&amp;title=True+Movies+2&amp;cmd=ffrt2+http%3A%2F%2Flocalhost%2Fch%2F2455&amp;portal=%7B%22name%22%3A+%22NFPS%22%2C+%22parental%22%3A+%22true%22%2C+%22url%22%3A+%22http%3A%2F%2Fportal.iptvprivateserver.tv%22%2C+%22mac%22%3A+%2200%3A1A%3A79%3A11%3A11%3A11%22%2C+%22serial%22%3A+%7B%22custom%22%3A+false%7D%2C+%22password%22%3A+%220000%22%7D&amp;mode=play&amp;logo_url=http%3A%2F%2Fportal.iptvprivateserver.tv%2Fstalker_portal%2Fmisc%2Flogos%2F320%2F261.png&quot;)</favourite>
</favourites>
